juego,sorteo,fecha,n1,n2,n3,n4,n5,superbalota,page,detail_url
BALOTO,2627,7 de Marzo de 2026,3,11,30,38,41,4,1,https://www.baloto.com/resultados-baloto/2627
REVANCHA,2627,7 de Marzo de 2026,1,3,8,20,21,7,1,https://www.baloto.com/resultados-revancha/2627
BALOTO,2626,4 de Marzo de 2026,21,26,32,34,40,12,1,https://www.baloto.com/resultados-baloto/2626
REVANCHA,2626,4 de Marzo de 2026,6,10,12,19,26,14,1,https://www.baloto.com/resultados-revancha/2626
BALOTO,2625,2 de Marzo de 2026,1,7,15,39,43,5,1,https://www.baloto.com/resultados-baloto/2625
REVANCHA,2625,2 de Marzo de 2026,1,10,21,34,36,1,1,https://www.baloto.com/resultados-revancha/2625
BALOTO,2624,28 de Febrero de 2026,7,11,15,19,41,9,1,https://www.baloto.com/resultados-baloto/2624
REVANCHA,2624,28 de Febrero de 2026,3,4,19,25,42,15,1,https://www.baloto.com/resultados-revancha/2624
BALOTO,2623,25 de Febrero de 2026,2,6,11,28,31,14,1,https://www.baloto.com/resultados-baloto/2623
REVANCHA,2623,25 de Febrero de 2026,15,24,34,38,43,8,1,https://www.baloto.com/resultados-revancha/2623
BALOTO,2622,23 de Febrero de 2026,16,18,20,23,41,10,2,https://www.baloto.com/resultados-baloto/2622
REVANCHA,2622,23 de Febrero de 2026,4,11,15,23,43,2,2,https://www.baloto.com/resultados-revancha/2622
BALOTO,2621,21 de Febrero de 2026,7,12,22,25,40,10,2,https://www.baloto.com/resultados-baloto/2621
REVANCHA,2621,21 de Febrero de 2026,6,13,14,17,19,12,2,https://www.baloto.com/resultados-revancha/2621
BALOTO,2620,18 de Febrero de 2026,11,27,38,40,42,2,2,https://www.baloto.com/resultados-baloto/2620
REVANCHA,2620,18 de Febrero de 2026,2,4,12,24,42,6,2,https://www.baloto.com/resultados-revancha/2620
BALOTO,2619,16 de Febrero de 2026,9,18,21,22,42,14,2,https://www.baloto.com/resultados-baloto/2619
REVANCHA,2619,16 de Febrero de 2026,16,18,22,27,33,5,2,https://www.baloto.com/resultados-revancha/2619
BALOTO,2618,14 de Febrero de 2026,15,21,29,34,35,6,2,https://www.baloto.com/resultados-baloto/2618
REVANCHA,2618,14 de Febrero de 2026,14,35,37,38,41,10,2,https://www.baloto.com/resultados-revancha/2618
BALOTO,2617,11 de Febrero de 2026,9,14,30,36,42,6,3,https://www.baloto.com/resultados-baloto/2617
REVANCHA,2617,11 de Febrero de 2026,13,26,33,34,38,5,3,https://www.baloto.com/resultados-revancha/2617
BALOTO,2616,9 de Febrero de 2026,11,17,20,36,38,14,3,https://www.baloto.com/resultados-baloto/2616
REVANCHA,2616,9 de Febrero de 2026,3,10,15,25,35,1,3,https://www.baloto.com/resultados-revancha/2616
BALOTO,2615,7 de Febrero de 2026,9,12,26,27,31,3,3,https://www.baloto.com/resultados-baloto/2615
REVANCHA,2615,7 de Febrero de 2026,5,7,12,13,27,4,3,https://www.baloto.com/resultados-revancha/2615
BALOTO,2614,4 de Febrero de 2026,16,25,29,36,38,15,3,https://www.baloto.com/resultados-baloto/2614
REVANCHA,2614,4 de Febrero de 2026,1,8,10,19,26,9,3,https://www.baloto.com/resultados-revancha/2614
BALOTO,2613,2 de Febrero de 2026,8,13,18,30,41,12,3,https://www.baloto.com/resultados-baloto/2613
REVANCHA,2613,2 de Febrero de 2026,6,8,19,21,30,9,3,https://www.baloto.com/resultados-revancha/2613
BALOTO,2612,31 de Enero de 2026,6,9,11,16,26,9,4,https://www.baloto.com/resultados-baloto/2612
REVANCHA,2612,31 de Enero de 2026,8,12,20,24,36,4,4,https://www.baloto.com/resultados-revancha/2612
BALOTO,2611,28 de Enero de 2026,9,15,18,26,40,13,4,https://www.baloto.com/resultados-baloto/2611
REVANCHA,2611,28 de Enero de 2026,2,9,17,23,35,2,4,https://www.baloto.com/resultados-revancha/2611
BALOTO,2610,26 de Enero de 2026,20,26,31,38,42,2,4,https://www.baloto.com/resultados-baloto/2610
REVANCHA,2610,26 de Enero de 2026,15,16,20,29,39,12,4,https://www.baloto.com/resultados-revancha/2610
BALOTO,2609,24 de Enero de 2026,7,11,21,29,32,16,4,https://www.baloto.com/resultados-baloto/2609
REVANCHA,2609,24 de Enero de 2026,17,21,24,30,34,3,4,https://www.baloto.com/resultados-revancha/2609
BALOTO,2608,21 de Enero de 2026,7,14,21,23,38,1,4,https://www.baloto.com/resultados-baloto/2608
REVANCHA,2608,21 de Enero de 2026,3,4,8,17,31,11,4,https://www.baloto.com/resultados-revancha/2608
BALOTO,2607,19 de Enero de 2026,4,6,20,28,42,11,5,https://www.baloto.com/resultados-baloto/2607
REVANCHA,2607,19 de Enero de 2026,8,9,17,27,30,11,5,https://www.baloto.com/resultados-revancha/2607
BALOTO,2606,17 de Enero de 2026,3,7,15,18,42,15,5,https://www.baloto.com/resultados-baloto/2606
REVANCHA,2606,17 de Enero de 2026,13,26,32,34,39,15,5,https://www.baloto.com/resultados-revancha/2606
BALOTO,2605,14 de Enero de 2026,7,17,32,37,40,10,5,https://www.baloto.com/resultados-baloto/2605
REVANCHA,2605,14 de Enero de 2026,4,11,21,24,28,7,5,https://www.baloto.com/resultados-revancha/2605
BALOTO,2604,12 de Enero de 2026,1,7,11,19,42,10,5,https://www.baloto.com/resultados-baloto/2604
REVANCHA,2604,12 de Enero de 2026,7,26,27,33,36,14,5,https://www.baloto.com/resultados-revancha/2604
BALOTO,2603,10 de Enero de 2026,6,8,36,39,41,12,5,https://www.baloto.com/resultados-baloto/2603
REVANCHA,2603,10 de Enero de 2026,6,10,25,33,43,16,5,https://www.baloto.com/resultados-revancha/2603
BALOTO,2602,7 de Enero de 2026,5,9,28,32,35,7,6,https://www.baloto.com/resultados-baloto/2602
REVANCHA,2602,7 de Enero de 2026,4,18,21,28,33,2,6,https://www.baloto.com/resultados-revancha/2602
BALOTO,2601,5 de Enero de 2026,9,13,28,31,35,2,6,https://www.baloto.com/resultados-baloto/2601
REVANCHA,2601,5 de Enero de 2026,4,7,20,22,39,3,6,https://www.baloto.com/resultados-revancha/2601
BALOTO,2600,3 de Enero de 2026,9,15,24,38,42,5,6,https://www.baloto.com/resultados-baloto/2600
REVANCHA,2600,3 de Enero de 2026,1,4,11,14,34,5,6,https://www.baloto.com/resultados-revancha/2600
BALOTO,2599,31 de Diciembre de 2025,22,24,27,37,40,8,6,https://www.baloto.com/resultados-baloto/2599
REVANCHA,2599,31 de Diciembre de 2025,9,13,19,41,43,16,6,https://www.baloto.com/resultados-revancha/2599
BALOTO,2598,29 de Diciembre de 2025,8,17,21,36,39,15,6,https://www.baloto.com/resultados-baloto/2598
REVANCHA,2598,29 de Diciembre de 2025,11,15,23,36,42,8,6,https://www.baloto.com/resultados-revancha/2598
BALOTO,2597,27 de Diciembre de 2025,5,17,18,32,41,6,7,https://www.baloto.com/resultados-baloto/2597
REVANCHA,2597,27 de Diciembre de 2025,4,15,22,35,41,3,7,https://www.baloto.com/resultados-revancha/2597
BALOTO,2596,24 de Diciembre de 2025,8,9,15,23,35,15,7,https://www.baloto.com/resultados-baloto/2596
REVANCHA,2596,24 de Diciembre de 2025,14,18,27,34,40,7,7,https://www.baloto.com/resultados-revancha/2596
BALOTO,2595,22 de Diciembre de 2025,4,17,19,32,42,15,7,https://www.baloto.com/resultados-baloto/2595
REVANCHA,2595,22 de Diciembre de 2025,9,24,27,35,42,4,7,https://www.baloto.com/resultados-revancha/2595
BALOTO,2594,20 de Diciembre de 2025,4,5,10,17,40,10,7,https://www.baloto.com/resultados-baloto/2594
REVANCHA,2594,20 de Diciembre de 2025,1,12,19,22,29,7,7,https://www.baloto.com/resultados-revancha/2594
BALOTO,2593,17 de Diciembre de 2025,4,9,18,29,31,5,7,https://www.baloto.com/resultados-baloto/2593
REVANCHA,2593,17 de Diciembre de 2025,6,15,17,27,30,16,7,https://www.baloto.com/resultados-revancha/2593
BALOTO,2592,15 de Diciembre de 2025,10,29,36,38,40,7,8,https://www.baloto.com/resultados-baloto/2592
REVANCHA,2592,15 de Diciembre de 2025,3,18,30,33,42,5,8,https://www.baloto.com/resultados-revancha/2592
BALOTO,2591,13 de Diciembre de 2025,2,13,14,15,28,2,8,https://www.baloto.com/resultados-baloto/2591
REVANCHA,2591,13 de Diciembre de 2025,12,14,17,37,41,9,8,https://www.baloto.com/resultados-revancha/2591
BALOTO,2590,10 de Diciembre de 2025,3,12,13,26,37,9,8,https://www.baloto.com/resultados-baloto/2590
REVANCHA,2590,10 de Diciembre de 2025,20,40,41,42,43,11,8,https://www.baloto.com/resultados-revancha/2590
BALOTO,2589,8 de Diciembre de 2025,2,21,22,24,37,10,8,https://www.baloto.com/resultados-baloto/2589
REVANCHA,2589,8 de Diciembre de 2025,2,7,30,33,42,4,8,https://www.baloto.com/resultados-revancha/2589
BALOTO,2588,6 de Diciembre de 2025,12,32,36,42,43,13,8,https://www.baloto.com/resultados-baloto/2588
REVANCHA,2588,6 de Diciembre de 2025,13,18,27,29,35,8,8,https://www.baloto.com/resultados-revancha/2588
BALOTO,2587,3 de Diciembre de 2025,11,15,16,19,40,9,9,https://www.baloto.com/resultados-baloto/2587
REVANCHA,2587,3 de Diciembre de 2025,7,16,30,37,39,2,9,https://www.baloto.com/resultados-revancha/2587
BALOTO,2586,1 de Diciembre de 2025,11,24,25,26,43,7,9,https://www.baloto.com/resultados-baloto/2586
REVANCHA,2586,1 de Diciembre de 2025,7,26,30,37,39,3,9,https://www.baloto.com/resultados-revancha/2586
BALOTO,2585,29 de Noviembre de 2025,4,17,28,32,43,6,9,https://www.baloto.com/resultados-baloto/2585
REVANCHA,2585,29 de Noviembre de 2025,4,17,28,33,43,3,9,https://www.baloto.com/resultados-revancha/2585
BALOTO,2584,26 de Noviembre de 2025,4,14,25,28,41,13,9,https://www.baloto.com/resultados-baloto/2584
REVANCHA,2584,26 de Noviembre de 2025,8,13,33,35,40,8,9,https://www.baloto.com/resultados-revancha/2584
BALOTO,2583,24 de Noviembre de 2025,8,9,10,30,37,2,9,https://www.baloto.com/resultados-baloto/2583
REVANCHA,2583,24 de Noviembre de 2025,3,9,23,28,37,14,9,https://www.baloto.com/resultados-revancha/2583
BALOTO,2582,22 de Noviembre de 2025,16,22,25,32,38,9,10,https://www.baloto.com/resultados-baloto/2582
REVANCHA,2582,22 de Noviembre de 2025,4,8,20,21,43,16,10,https://www.baloto.com/resultados-revancha/2582
BALOTO,2581,19 de Noviembre de 2025,2,6,26,28,39,11,10,https://www.baloto.com/resultados-baloto/2581
REVANCHA,2581,19 de Noviembre de 2025,12,24,32,36,41,15,10,https://www.baloto.com/resultados-revancha/2581
BALOTO,2580,17 de Noviembre de 2025,14,18,20,35,41,10,10,https://www.baloto.com/resultados-baloto/2580
REVANCHA,2580,17 de Noviembre de 2025,3,18,28,32,37,11,10,https://www.baloto.com/resultados-revancha/2580
BALOTO,2579,15 de Noviembre de 2025,4,8,10,17,41,6,10,https://www.baloto.com/resultados-baloto/2579
REVANCHA,2579,15 de Noviembre de 2025,7,9,16,24,39,7,10,https://www.baloto.com/resultados-revancha/2579
BALOTO,2578,12 de Noviembre de 2025,1,18,21,22,24,14,10,https://www.baloto.com/resultados-baloto/2578
REVANCHA,2578,12 de Noviembre de 2025,14,20,39,40,41,10,10,https://www.baloto.com/resultados-revancha/2578
BALOTO,2577,10 de Noviembre de 2025,17,22,24,26,27,13,11,https://www.baloto.com/resultados-baloto/2577
REVANCHA,2577,10 de Noviembre de 2025,10,12,17,30,34,8,11,https://www.baloto.com/resultados-revancha/2577
BALOTO,2576,8 de Noviembre de 2025,1,6,18,21,24,12,11,https://www.baloto.com/resultados-baloto/2576
REVANCHA,2576,8 de Noviembre de 2025,14,23,33,38,40,6,11,https://www.baloto.com/resultados-revancha/2576
BALOTO,2575,5 de Noviembre de 2025,9,14,29,35,40,3,11,https://www.baloto.com/resultados-baloto/2575
REVANCHA,2575,5 de Noviembre de 2025,14,16,26,39,43,14,11,https://www.baloto.com/resultados-revancha/2575
BALOTO,2574,3 de Noviembre de 2025,5,9,26,28,32,3,11,https://www.baloto.com/resultados-baloto/2574
REVANCHA,2574,3 de Noviembre de 2025,5,12,18,27,31,3,11,https://www.baloto.com/resultados-revancha/2574
BALOTO,2573,1 de Noviembre de 2025,1,21,24,25,43,14,11,https://www.baloto.com/resultados-baloto/2573
REVANCHA,2573,1 de Noviembre de 2025,5,24,27,37,41,6,11,https://www.baloto.com/resultados-revancha/2573
BALOTO,2572,29 de Octubre de 2025,2,14,22,25,29,13,12,https://www.baloto.com/resultados-baloto/2572
REVANCHA,2572,29 de Octubre de 2025,7,9,13,21,42,3,12,https://www.baloto.com/resultados-revancha/2572
BALOTO,2571,27 de Octubre de 2025,3,9,32,35,36,10,12,https://www.baloto.com/resultados-baloto/2571
REVANCHA,2571,27 de Octubre de 2025,5,18,22,24,31,7,12,https://www.baloto.com/resultados-revancha/2571
BALOTO,2570,25 de Octubre de 2025,17,18,21,32,37,14,12,https://www.baloto.com/resultados-baloto/2570
REVANCHA,2570,25 de Octubre de 2025,1,14,36,37,39,13,12,https://www.baloto.com/resultados-revancha/2570
BALOTO,2569,22 de Octubre de 2025,3,5,14,19,26,6,12,https://www.baloto.com/resultados-baloto/2569
REVANCHA,2569,22 de Octubre de 2025,1,21,23,30,42,16,12,https://www.baloto.com/resultados-revancha/2569
BALOTO,2568,20 de Octubre de 2025,9,11,15,23,29,4,12,https://www.baloto.com/resultados-baloto/2568
REVANCHA,2568,20 de Octubre de 2025,6,8,12,19,36,16,12,https://www.baloto.com/resultados-revancha/2568
BALOTO,2567,18 de Octubre de 2025,27,31,33,34,41,5,13,https://www.baloto.com/resultados-baloto/2567
REVANCHA,2567,18 de Octubre de 2025,6,14,26,40,41,7,13,https://www.baloto.com/resultados-revancha/2567
BALOTO,2566,15 de Octubre de 2025,2,21,25,37,43,9,13,https://www.baloto.com/resultados-baloto/2566
REVANCHA,2566,15 de Octubre de 2025,4,18,37,38,40,15,13,https://www.baloto.com/resultados-revancha/2566
BALOTO,2565,13 de Octubre de 2025,11,17,18,20,34,7,13,https://www.baloto.com/resultados-baloto/2565
REVANCHA,2565,13 de Octubre de 2025,9,21,27,29,41,13,13,https://www.baloto.com/resultados-revancha/2565
BALOTO,2564,11 de Octubre de 2025,10,13,14,28,38,12,13,https://www.baloto.com/resultados-baloto/2564
REVANCHA,2564,11 de Octubre de 2025,1,6,15,25,38,14,13,https://www.baloto.com/resultados-revancha/2564
BALOTO,2563,8 de Octubre de 2025,3,10,30,32,38,8,13,https://www.baloto.com/resultados-baloto/2563
REVANCHA,2563,8 de Octubre de 2025,5,6,25,26,32,14,13,https://www.baloto.com/resultados-revancha/2563
BALOTO,2562,6 de Octubre de 2025,2,7,14,27,29,10,14,https://www.baloto.com/resultados-baloto/2562
REVANCHA,2562,6 de Octubre de 2025,5,18,23,34,40,14,14,https://www.baloto.com/resultados-revancha/2562
BALOTO,2561,4 de Octubre de 2025,2,13,25,35,42,10,14,https://www.baloto.com/resultados-baloto/2561
REVANCHA,2561,4 de Octubre de 2025,20,23,30,39,43,3,14,https://www.baloto.com/resultados-revancha/2561
BALOTO,2560,1 de Octubre de 2025,2,26,32,35,39,11,14,https://www.baloto.com/resultados-baloto/2560
REVANCHA,2560,1 de Octubre de 2025,11,15,20,25,41,7,14,https://www.baloto.com/resultados-revancha/2560
BALOTO,2559,29 de Septiembre de 2025,3,11,24,34,35,10,14,https://www.baloto.com/resultados-baloto/2559
REVANCHA,2559,29 de Septiembre de 2025,1,13,25,30,31,6,14,https://www.baloto.com/resultados-revancha/2559
BALOTO,2558,27 de Septiembre de 2025,6,13,19,32,38,4,14,https://www.baloto.com/resultados-baloto/2558
REVANCHA,2558,27 de Septiembre de 2025,14,17,19,28,33,2,14,https://www.baloto.com/resultados-revancha/2558
BALOTO,2557,24 de Septiembre de 2025,2,7,10,29,34,4,15,https://www.baloto.com/resultados-baloto/2557
REVANCHA,2557,24 de Septiembre de 2025,2,3,9,21,35,12,15,https://www.baloto.com/resultados-revancha/2557
BALOTO,2556,22 de Septiembre de 2025,6,18,22,23,35,15,15,https://www.baloto.com/resultados-baloto/2556
REVANCHA,2556,22 de Septiembre de 2025,5,6,12,14,35,12,15,https://www.baloto.com/resultados-revancha/2556
BALOTO,2555,20 de Septiembre de 2025,8,11,16,30,40,6,15,https://www.baloto.com/resultados-baloto/2555
REVANCHA,2555,20 de Septiembre de 2025,12,24,29,39,42,8,15,https://www.baloto.com/resultados-revancha/2555
BALOTO,2554,17 de Septiembre de 2025,7,9,10,37,39,4,15,https://www.baloto.com/resultados-baloto/2554
REVANCHA,2554,17 de Septiembre de 2025,5,7,11,15,23,3,15,https://www.baloto.com/resultados-revancha/2554
BALOTO,2553,15 de Septiembre de 2025,6,10,11,12,19,7,15,https://www.baloto.com/resultados-baloto/2553
REVANCHA,2553,15 de Septiembre de 2025,3,5,13,21,31,16,15,https://www.baloto.com/resultados-revancha/2553
BALOTO,2552,13 de Septiembre de 2025,1,6,12,25,40,9,16,https://www.baloto.com/resultados-baloto/2552
REVANCHA,2552,13 de Septiembre de 2025,6,13,14,28,34,13,16,https://www.baloto.com/resultados-revancha/2552
BALOTO,2551,10 de Septiembre de 2025,6,28,40,42,43,12,16,https://www.baloto.com/resultados-baloto/2551
REVANCHA,2551,10 de Septiembre de 2025,5,8,16,27,35,5,16,https://www.baloto.com/resultados-revancha/2551
BALOTO,2550,8 de Septiembre de 2025,10,13,20,31,42,12,16,https://www.baloto.com/resultados-baloto/2550
REVANCHA,2550,8 de Septiembre de 2025,4,18,27,34,39,9,16,https://www.baloto.com/resultados-revancha/2550
BALOTO,2549,6 de Septiembre de 2025,4,8,16,28,40,10,16,https://www.baloto.com/resultados-baloto/2549
REVANCHA,2549,6 de Septiembre de 2025,2,15,22,29,42,8,16,https://www.baloto.com/resultados-revancha/2549
BALOTO,2548,3 de Septiembre de 2025,16,20,26,29,31,12,16,https://www.baloto.com/resultados-baloto/2548
REVANCHA,2548,3 de Septiembre de 2025,5,19,21,42,43,14,16,https://www.baloto.com/resultados-revancha/2548
BALOTO,2547,1 de Septiembre de 2025,1,13,25,33,34,12,17,https://www.baloto.com/resultados-baloto/2547
REVANCHA,2547,1 de Septiembre de 2025,9,30,32,39,43,13,17,https://www.baloto.com/resultados-revancha/2547
BALOTO,2546,30 de Agosto de 2025,3,4,12,23,42,13,17,https://www.baloto.com/resultados-baloto/2546
REVANCHA,2546,30 de Agosto de 2025,12,18,22,26,33,6,17,https://www.baloto.com/resultados-revancha/2546
BALOTO,2545,27 de Agosto de 2025,6,8,20,23,24,9,17,https://www.baloto.com/resultados-baloto/2545
REVANCHA,2545,27 de Agosto de 2025,1,6,14,33,43,6,17,https://www.baloto.com/resultados-revancha/2545
BALOTO,2544,25 de Agosto de 2025,6,21,22,26,30,8,17,https://www.baloto.com/resultados-baloto/2544
REVANCHA,2544,25 de Agosto de 2025,8,12,14,32,35,9,17,https://www.baloto.com/resultados-revancha/2544
BALOTO,2543,23 de Agosto de 2025,2,9,17,36,39,11,17,https://www.baloto.com/resultados-baloto/2543
REVANCHA,2543,23 de Agosto de 2025,7,19,29,37,39,11,17,https://www.baloto.com/resultados-revancha/2543
BALOTO,2542,20 de Agosto de 2025,25,28,32,33,41,16,18,https://www.baloto.com/resultados-baloto/2542
REVANCHA,2542,20 de Agosto de 2025,13,20,26,28,37,9,18,https://www.baloto.com/resultados-revancha/2542
BALOTO,2541,18 de Agosto de 2025,2,3,14,15,23,5,18,https://www.baloto.com/resultados-baloto/2541
REVANCHA,2541,18 de Agosto de 2025,1,12,14,28,33,1,18,https://www.baloto.com/resultados-revancha/2541
BALOTO,2540,16 de Agosto de 2025,12,13,33,37,38,15,18,https://www.baloto.com/resultados-baloto/2540
REVANCHA,2540,16 de Agosto de 2025,2,4,8,12,32,8,18,https://www.baloto.com/resultados-revancha/2540
BALOTO,2539,13 de Agosto de 2025,7,12,22,33,38,5,18,https://www.baloto.com/resultados-baloto/2539
REVANCHA,2539,13 de Agosto de 2025,1,3,9,24,34,9,18,https://www.baloto.com/resultados-revancha/2539
BALOTO,2538,11 de Agosto de 2025,2,19,20,32,33,3,18,https://www.baloto.com/resultados-baloto/2538
REVANCHA,2538,11 de Agosto de 2025,13,16,36,37,38,12,18,https://www.baloto.com/resultados-revancha/2538
BALOTO,2537,9 de Agosto de 2025,2,8,27,29,37,16,19,https://www.baloto.com/resultados-baloto/2537
REVANCHA,2537,9 de Agosto de 2025,2,9,12,22,42,3,19,https://www.baloto.com/resultados-revancha/2537
BALOTO,2536,6 de Agosto de 2025,8,18,21,34,40,13,19,https://www.baloto.com/resultados-baloto/2536
REVANCHA,2536,6 de Agosto de 2025,12,20,29,30,38,4,19,https://www.baloto.com/resultados-revancha/2536
BALOTO,2535,4 de Agosto de 2025,4,7,31,33,36,7,19,https://www.baloto.com/resultados-baloto/2535
REVANCHA,2535,4 de Agosto de 2025,25,30,33,34,35,12,19,https://www.baloto.com/resultados-revancha/2535
BALOTO,2534,2 de Agosto de 2025,13,22,32,35,42,11,19,https://www.baloto.com/resultados-baloto/2534
REVANCHA,2534,2 de Agosto de 2025,1,3,4,34,37,15,19,https://www.baloto.com/resultados-revancha/2534
BALOTO,2533,30 de Julio de 2025,29,30,34,36,41,15,19,https://www.baloto.com/resultados-baloto/2533
REVANCHA,2533,30 de Julio de 2025,19,22,24,31,39,3,19,https://www.baloto.com/resultados-revancha/2533
BALOTO,2532,28 de Julio de 2025,10,30,33,34,41,7,20,https://www.baloto.com/resultados-baloto/2532
REVANCHA,2532,28 de Julio de 2025,8,16,22,34,41,10,20,https://www.baloto.com/resultados-revancha/2532
BALOTO,2531,26 de Julio de 2025,19,25,29,34,43,10,20,https://www.baloto.com/resultados-baloto/2531
REVANCHA,2531,26 de Julio de 2025,1,17,21,28,35,12,20,https://www.baloto.com/resultados-revancha/2531
BALOTO,2530,23 de Julio de 2025,1,16,19,25,26,16,20,https://www.baloto.com/resultados-baloto/2530
REVANCHA,2530,23 de Julio de 2025,7,8,11,27,38,3,20,https://www.baloto.com/resultados-revancha/2530
BALOTO,2529,21 de Julio de 2025,21,26,27,34,41,16,20,https://www.baloto.com/resultados-baloto/2529
REVANCHA,2529,21 de Julio de 2025,4,13,18,33,36,11,20,https://www.baloto.com/resultados-revancha/2529
BALOTO,2528,19 de Julio de 2025,14,17,22,24,27,9,20,https://www.baloto.com/resultados-baloto/2528
REVANCHA,2528,19 de Julio de 2025,4,7,23,37,43,15,20,https://www.baloto.com/resultados-revancha/2528
BALOTO,2527,16 de Julio de 2025,5,10,13,20,31,13,21,https://www.baloto.com/resultados-baloto/2527
REVANCHA,2527,16 de Julio de 2025,4,15,21,30,35,5,21,https://www.baloto.com/resultados-revancha/2527
BALOTO,2526,14 de Julio de 2025,8,14,28,35,36,5,21,https://www.baloto.com/resultados-baloto/2526
REVANCHA,2526,14 de Julio de 2025,7,8,12,33,39,13,21,https://www.baloto.com/resultados-revancha/2526
BALOTO,2525,12 de Julio de 2025,7,10,17,30,43,15,21,https://www.baloto.com/resultados-baloto/2525
REVANCHA,2525,12 de Julio de 2025,1,11,24,25,35,8,21,https://www.baloto.com/resultados-revancha/2525
BALOTO,2524,9 de Julio de 2025,9,21,25,29,41,10,21,https://www.baloto.com/resultados-baloto/2524
REVANCHA,2524,9 de Julio de 2025,3,5,9,35,39,11,21,https://www.baloto.com/resultados-revancha/2524
BALOTO,2523,7 de Julio de 2025,2,12,24,41,42,5,21,https://www.baloto.com/resultados-baloto/2523
REVANCHA,2523,7 de Julio de 2025,9,16,28,36,43,12,21,https://www.baloto.com/resultados-revancha/2523
BALOTO,2522,5 de Julio de 2025,4,17,19,26,36,10,22,https://www.baloto.com/resultados-baloto/2522
REVANCHA,2522,5 de Julio de 2025,17,26,29,32,34,2,22,https://www.baloto.com/resultados-revancha/2522
BALOTO,2521,2 de Julio de 2025,6,16,21,23,42,13,22,https://www.baloto.com/resultados-baloto/2521
REVANCHA,2521,2 de Julio de 2025,5,10,12,24,29,13,22,https://www.baloto.com/resultados-revancha/2521
BALOTO,2520,30 de Junio de 2025,2,3,9,36,41,15,22,https://www.baloto.com/resultados-baloto/2520
REVANCHA,2520,30 de Junio de 2025,3,4,8,11,17,14,22,https://www.baloto.com/resultados-revancha/2520
BALOTO,2519,28 de Junio de 2025,5,15,18,31,35,8,22,https://www.baloto.com/resultados-baloto/2519
REVANCHA,2519,28 de Junio de 2025,10,13,18,34,40,12,22,https://www.baloto.com/resultados-revancha/2519
BALOTO,2518,25 de Junio de 2025,5,8,20,29,35,11,22,https://www.baloto.com/resultados-baloto/2518
REVANCHA,2518,25 de Junio de 2025,4,11,12,14,21,12,22,https://www.baloto.com/resultados-revancha/2518
BALOTO,2517,23 de Junio de 2025,3,24,28,34,37,15,23,https://www.baloto.com/resultados-baloto/2517
REVANCHA,2517,23 de Junio de 2025,9,17,25,42,43,3,23,https://www.baloto.com/resultados-revancha/2517
BALOTO,2516,21 de Junio de 2025,9,17,24,29,43,8,23,https://www.baloto.com/resultados-baloto/2516
REVANCHA,2516,21 de Junio de 2025,5,24,26,30,43,4,23,https://www.baloto.com/resultados-revancha/2516
BALOTO,2515,18 de Junio de 2025,4,10,15,23,42,9,23,https://www.baloto.com/resultados-baloto/2515
REVANCHA,2515,18 de Junio de 2025,2,6,7,13,18,14,23,https://www.baloto.com/resultados-revancha/2515
BALOTO,2514,16 de Junio de 2025,2,4,5,16,32,9,23,https://www.baloto.com/resultados-baloto/2514
REVANCHA,2514,16 de Junio de 2025,4,8,10,30,40,10,23,https://www.baloto.com/resultados-revancha/2514
BALOTO,2513,14 de Junio de 2025,5,7,14,15,19,6,23,https://www.baloto.com/resultados-baloto/2513
REVANCHA,2513,14 de Junio de 2025,8,9,21,27,33,2,23,https://www.baloto.com/resultados-revancha/2513
BALOTO,2512,11 de Junio de 2025,1,2,5,21,33,7,24,https://www.baloto.com/resultados-baloto/2512
REVANCHA,2512,11 de Junio de 2025,11,21,23,30,34,5,24,https://www.baloto.com/resultados-revancha/2512
BALOTO,2511,9 de Junio de 2025,2,13,17,21,34,9,24,https://www.baloto.com/resultados-baloto/2511
REVANCHA,2511,9 de Junio de 2025,10,28,31,32,42,10,24,https://www.baloto.com/resultados-revancha/2511
BALOTO,2510,7 de Junio de 2025,6,9,21,36,42,9,24,https://www.baloto.com/resultados-baloto/2510
REVANCHA,2510,7 de Junio de 2025,3,26,27,29,30,15,24,https://www.baloto.com/resultados-revancha/2510
BALOTO,2509,4 de Junio de 2025,26,29,33,35,41,5,24,https://www.baloto.com/resultados-baloto/2509
REVANCHA,2509,4 de Junio de 2025,2,10,27,31,33,10,24,https://www.baloto.com/resultados-revancha/2509
BALOTO,2508,2 de Junio de 2025,2,18,27,31,35,12,24,https://www.baloto.com/resultados-baloto/2508
REVANCHA,2508,2 de Junio de 2025,15,23,26,31,39,9,24,https://www.baloto.com/resultados-revancha/2508
BALOTO,2507,31 de Mayo de 2025,2,8,16,28,31,15,25,https://www.baloto.com/resultados-baloto/2507
REVANCHA,2507,31 de Mayo de 2025,2,13,34,36,41,7,25,https://www.baloto.com/resultados-revancha/2507
BALOTO,2506,28 de Mayo de 2025,1,9,10,33,37,15,25,https://www.baloto.com/resultados-baloto/2506
REVANCHA,2506,28 de Mayo de 2025,1,11,22,28,40,1,25,https://www.baloto.com/resultados-revancha/2506
BALOTO,2505,24 de Mayo de 2025,1,10,13,38,40,13,25,https://www.baloto.com/resultados-baloto/2505
REVANCHA,2505,24 de Mayo de 2025,7,15,33,35,36,10,25,https://www.baloto.com/resultados-revancha/2505
BALOTO,2504,21 de Mayo de 2025,2,3,4,10,34,7,25,https://www.baloto.com/resultados-baloto/2504
REVANCHA,2504,21 de Mayo de 2025,3,11,20,35,40,16,25,https://www.baloto.com/resultados-revancha/2504
BALOTO,2503,17 de Mayo de 2025,6,14,34,36,41,12,25,https://www.baloto.com/resultados-baloto/2503
REVANCHA,2503,17 de Mayo de 2025,2,10,14,23,36,15,25,https://www.baloto.com/resultados-revancha/2503
BALOTO,2502,14 de Mayo de 2025,3,31,40,41,42,14,26,https://www.baloto.com/resultados-baloto/2502
REVANCHA,2502,14 de Mayo de 2025,18,20,21,26,36,7,26,https://www.baloto.com/resultados-revancha/2502
BALOTO,2501,10 de Mayo de 2025,2,5,18,21,28,2,26,https://www.baloto.com/resultados-baloto/2501
REVANCHA,2501,10 de Mayo de 2025,5,11,23,25,34,3,26,https://www.baloto.com/resultados-revancha/2501
BALOTO,2500,7 de Mayo de 2025,5,9,17,25,32,2,26,https://www.baloto.com/resultados-baloto/2500
REVANCHA,2500,7 de Mayo de 2025,8,14,30,36,42,1,26,https://www.baloto.com/resultados-revancha/2500
BALOTO,2499,3 de Mayo de 2025,10,12,24,32,37,12,26,https://www.baloto.com/resultados-baloto/2499
REVANCHA,2499,3 de Mayo de 2025,3,21,31,33,40,14,26,https://www.baloto.com/resultados-revancha/2499
BALOTO,2498,30 de Abril de 2025,5,12,17,19,22,16,26,https://www.baloto.com/resultados-baloto/2498
REVANCHA,2498,30 de Abril de 2025,6,23,32,34,40,14,26,https://www.baloto.com/resultados-revancha/2498
BALOTO,2497,26 de Abril de 2025,1,15,20,23,31,10,27,https://www.baloto.com/resultados-baloto/2497
REVANCHA,2497,26 de Abril de 2025,1,16,18,20,25,15,27,https://www.baloto.com/resultados-revancha/2497
BALOTO,2496,23 de Abril de 2025,4,5,19,28,43,5,27,https://www.baloto.com/resultados-baloto/2496
REVANCHA,2496,23 de Abril de 2025,2,9,22,23,25,5,27,https://www.baloto.com/resultados-revancha/2496
BALOTO,2495,19 de Abril de 2025,11,26,31,35,43,6,27,https://www.baloto.com/resultados-baloto/2495
REVANCHA,2495,19 de Abril de 2025,24,34,35,36,40,5,27,https://www.baloto.com/resultados-revancha/2495
BALOTO,2494,16 de Abril de 2025,5,11,18,31,32,9,27,https://www.baloto.com/resultados-baloto/2494
REVANCHA,2494,16 de Abril de 2025,18,32,34,36,38,13,27,https://www.baloto.com/resultados-revancha/2494
BALOTO,2493,12 de Abril de 2025,3,4,13,38,39,1,27,https://www.baloto.com/resultados-baloto/2493
REVANCHA,2493,12 de Abril de 2025,21,25,38,39,42,15,27,https://www.baloto.com/resultados-revancha/2493
BALOTO,2492,9 de Abril de 2025,7,8,9,19,26,4,28,https://www.baloto.com/resultados-baloto/2492
REVANCHA,2492,9 de Abril de 2025,12,25,28,37,42,9,28,https://www.baloto.com/resultados-revancha/2492
BALOTO,2491,5 de Abril de 2025,1,7,22,40,41,3,28,https://www.baloto.com/resultados-baloto/2491
REVANCHA,2491,5 de Abril de 2025,4,9,17,18,37,5,28,https://www.baloto.com/resultados-revancha/2491
BALOTO,2490,2 de Abril de 2025,18,25,40,41,43,13,28,https://www.baloto.com/resultados-baloto/2490
REVANCHA,2490,2 de Abril de 2025,9,13,20,23,24,10,28,https://www.baloto.com/resultados-revancha/2490
BALOTO,2489,29 de Marzo de 2025,3,9,27,36,37,1,28,https://www.baloto.com/resultados-baloto/2489
REVANCHA,2489,29 de Marzo de 2025,17,25,27,28,39,3,28,https://www.baloto.com/resultados-revancha/2489
BALOTO,2488,26 de Marzo de 2025,3,9,21,27,39,3,28,https://www.baloto.com/resultados-baloto/2488
REVANCHA,2488,26 de Marzo de 2025,7,13,35,37,43,2,28,https://www.baloto.com/resultados-revancha/2488
BALOTO,2487,22 de Marzo de 2025,8,12,22,26,28,1,29,https://www.baloto.com/resultados-baloto/2487
REVANCHA,2487,22 de Marzo de 2025,6,10,17,21,40,16,29,https://www.baloto.com/resultados-revancha/2487
BALOTO,2486,19 de Marzo de 2025,1,18,27,40,43,1,29,https://www.baloto.com/resultados-baloto/2486
REVANCHA,2486,19 de Marzo de 2025,9,15,18,28,42,11,29,https://www.baloto.com/resultados-revancha/2486
BALOTO,2485,15 de Marzo de 2025,17,21,25,26,39,15,29,https://www.baloto.com/resultados-baloto/2485
REVANCHA,2485,15 de Marzo de 2025,5,10,13,31,37,16,29,https://www.baloto.com/resultados-revancha/2485
BALOTO,2484,12 de Marzo de 2025,9,16,32,33,40,12,29,https://www.baloto.com/resultados-baloto/2484
REVANCHA,2484,12 de Marzo de 2025,17,20,26,27,42,1,29,https://www.baloto.com/resultados-revancha/2484
BALOTO,2483,8 de Marzo de 2025,1,17,33,42,43,12,29,https://www.baloto.com/resultados-baloto/2483
REVANCHA,2483,8 de Marzo de 2025,3,5,6,33,42,4,29,https://www.baloto.com/resultados-revancha/2483
BALOTO,2482,5 de Marzo de 2025,11,17,18,26,42,13,30,https://www.baloto.com/resultados-baloto/2482
REVANCHA,2482,5 de Marzo de 2025,8,14,19,37,43,6,30,https://www.baloto.com/resultados-revancha/2482
BALOTO,2481,1 de Marzo de 2025,3,4,17,21,25,4,30,https://www.baloto.com/resultados-baloto/2481
REVANCHA,2481,1 de Marzo de 2025,7,21,26,32,40,12,30,https://www.baloto.com/resultados-revancha/2481
BALOTO,2480,26 de Febrero de 2025,7,28,29,33,43,2,30,https://www.baloto.com/resultados-baloto/2480
REVANCHA,2480,26 de Febrero de 2025,2,8,19,21,43,9,30,https://www.baloto.com/resultados-revancha/2480
BALOTO,2479,22 de Febrero de 2025,3,13,19,34,43,12,30,https://www.baloto.com/resultados-baloto/2479
REVANCHA,2479,22 de Febrero de 2025,7,12,19,33,38,8,30,https://www.baloto.com/resultados-revancha/2479
BALOTO,2478,19 de Febrero de 2025,14,21,28,30,38,14,30,https://www.baloto.com/resultados-baloto/2478
REVANCHA,2478,19 de Febrero de 2025,6,8,32,35,39,3,30,https://www.baloto.com/resultados-revancha/2478
BALOTO,2477,15 de Febrero de 2025,8,15,17,24,42,11,31,https://www.baloto.com/resultados-baloto/2477
REVANCHA,2477,15 de Febrero de 2025,1,13,27,35,41,10,31,https://www.baloto.com/resultados-revancha/2477
BALOTO,2476,12 de Febrero de 2025,1,16,30,39,41,15,31,https://www.baloto.com/resultados-baloto/2476
REVANCHA,2476,12 de Febrero de 2025,4,5,7,25,32,4,31,https://www.baloto.com/resultados-revancha/2476
BALOTO,2475,8 de Febrero de 2025,2,9,10,39,43,14,31,https://www.baloto.com/resultados-baloto/2475
REVANCHA,2475,8 de Febrero de 2025,4,10,12,27,40,9,31,https://www.baloto.com/resultados-revancha/2475
BALOTO,2474,5 de Febrero de 2025,5,11,14,37,38,14,31,https://www.baloto.com/resultados-baloto/2474
REVANCHA,2474,5 de Febrero de 2025,4,7,16,18,43,2,31,https://www.baloto.com/resultados-revancha/2474
BALOTO,2473,1 de Febrero de 2025,2,4,5,28,33,12,31,https://www.baloto.com/resultados-baloto/2473
REVANCHA,2473,1 de Febrero de 2025,5,6,19,32,37,16,31,https://www.baloto.com/resultados-revancha/2473
BALOTO,2472,29 de Enero de 2025,12,20,26,34,38,1,32,https://www.baloto.com/resultados-baloto/2472
REVANCHA,2472,29 de Enero de 2025,7,12,33,36,39,10,32,https://www.baloto.com/resultados-revancha/2472
BALOTO,2471,25 de Enero de 2025,1,16,19,25,31,6,32,https://www.baloto.com/resultados-baloto/2471
REVANCHA,2471,25 de Enero de 2025,10,26,37,40,42,5,32,https://www.baloto.com/resultados-revancha/2471
BALOTO,2470,22 de Enero de 2025,12,15,28,34,37,1,32,https://www.baloto.com/resultados-baloto/2470
REVANCHA,2470,22 de Enero de 2025,4,15,23,27,34,13,32,https://www.baloto.com/resultados-revancha/2470
BALOTO,2469,18 de Enero de 2025,14,19,30,38,41,10,32,https://www.baloto.com/resultados-baloto/2469
REVANCHA,2469,18 de Enero de 2025,1,6,7,20,41,2,32,https://www.baloto.com/resultados-revancha/2469
BALOTO,2468,15 de Enero de 2025,7,16,32,33,43,1,32,https://www.baloto.com/resultados-baloto/2468
REVANCHA,2468,15 de Enero de 2025,13,22,25,32,35,10,32,https://www.baloto.com/resultados-revancha/2468
BALOTO,2467,11 de Enero de 2025,2,28,31,32,34,6,33,https://www.baloto.com/resultados-baloto/2467
REVANCHA,2467,11 de Enero de 2025,9,15,23,28,39,7,33,https://www.baloto.com/resultados-revancha/2467
BALOTO,2466,8 de Enero de 2025,18,24,27,37,43,11,33,https://www.baloto.com/resultados-baloto/2466
REVANCHA,2466,8 de Enero de 2025,1,5,28,36,38,5,33,https://www.baloto.com/resultados-revancha/2466
BALOTO,2465,4 de Enero de 2025,10,13,18,24,26,9,33,https://www.baloto.com/resultados-baloto/2465
REVANCHA,2465,4 de Enero de 2025,16,34,36,37,40,12,33,https://www.baloto.com/resultados-revancha/2465
BALOTO,2464,1 de Enero de 2025,17,28,33,39,43,6,33,https://www.baloto.com/resultados-baloto/2464
REVANCHA,2464,1 de Enero de 2025,11,16,18,37,40,16,33,https://www.baloto.com/resultados-revancha/2464
BALOTO,2463,28 de Diciembre de 2024,1,4,12,14,34,6,33,https://www.baloto.com/resultados-baloto/2463
REVANCHA,2463,28 de Diciembre de 2024,2,4,22,24,32,10,33,https://www.baloto.com/resultados-revancha/2463
BALOTO,2462,25 de Diciembre de 2024,5,8,22,26,38,8,34,https://www.baloto.com/resultados-baloto/2462
REVANCHA,2462,25 de Diciembre de 2024,4,19,28,32,39,13,34,https://www.baloto.com/resultados-revancha/2462
BALOTO,2461,21 de Diciembre de 2024,10,12,16,21,41,13,34,https://www.baloto.com/resultados-baloto/2461
REVANCHA,2461,21 de Diciembre de 2024,11,13,27,28,43,15,34,https://www.baloto.com/resultados-revancha/2461
BALOTO,2460,18 de Diciembre de 2024,4,12,28,36,43,13,34,https://www.baloto.com/resultados-baloto/2460
REVANCHA,2460,18 de Diciembre de 2024,9,10,15,26,28,2,34,https://www.baloto.com/resultados-revancha/2460
BALOTO,2459,14 de Diciembre de 2024,15,22,26,32,39,12,34,https://www.baloto.com/resultados-baloto/2459
REVANCHA,2459,14 de Diciembre de 2024,19,25,32,34,41,9,34,https://www.baloto.com/resultados-revancha/2459
BALOTO,2458,11 de Diciembre de 2024,5,12,13,17,43,16,34,https://www.baloto.com/resultados-baloto/2458
REVANCHA,2458,11 de Diciembre de 2024,10,12,18,22,40,4,34,https://www.baloto.com/resultados-revancha/2458
BALOTO,2457,7 de Diciembre de 2024,9,11,34,36,37,15,35,https://www.baloto.com/resultados-baloto/2457
REVANCHA,2457,7 de Diciembre de 2024,5,10,15,21,22,12,35,https://www.baloto.com/resultados-revancha/2457
BALOTO,2456,4 de Diciembre de 2024,11,14,31,39,41,5,35,https://www.baloto.com/resultados-baloto/2456
REVANCHA,2456,4 de Diciembre de 2024,7,10,16,31,36,10,35,https://www.baloto.com/resultados-revancha/2456
BALOTO,2455,30 de Noviembre de 2024,10,12,22,23,34,13,35,https://www.baloto.com/resultados-baloto/2455
REVANCHA,2455,30 de Noviembre de 2024,3,12,14,19,28,9,35,https://www.baloto.com/resultados-revancha/2455
BALOTO,2454,27 de Noviembre de 2024,5,7,15,20,24,16,35,https://www.baloto.com/resultados-baloto/2454
REVANCHA,2454,27 de Noviembre de 2024,10,21,22,36,40,14,35,https://www.baloto.com/resultados-revancha/2454
BALOTO,2453,23 de Noviembre de 2024,5,13,24,25,36,9,35,https://www.baloto.com/resultados-baloto/2453
REVANCHA,2453,23 de Noviembre de 2024,7,13,15,33,34,8,35,https://www.baloto.com/resultados-revancha/2453
BALOTO,2452,20 de Noviembre de 2024,9,17,22,36,38,16,36,https://www.baloto.com/resultados-baloto/2452
REVANCHA,2452,20 de Noviembre de 2024,11,12,19,21,32,3,36,https://www.baloto.com/resultados-revancha/2452
BALOTO,2451,16 de Noviembre de 2024,8,15,21,35,41,2,36,https://www.baloto.com/resultados-baloto/2451
REVANCHA,2451,16 de Noviembre de 2024,1,23,32,36,40,13,36,https://www.baloto.com/resultados-revancha/2451
BALOTO,2450,13 de Noviembre de 2024,2,3,9,10,15,16,36,https://www.baloto.com/resultados-baloto/2450
REVANCHA,2450,13 de Noviembre de 2024,1,5,25,29,31,12,36,https://www.baloto.com/resultados-revancha/2450
BALOTO,2449,9 de Noviembre de 2024,13,28,29,31,41,4,36,https://www.baloto.com/resultados-baloto/2449
REVANCHA,2449,9 de Noviembre de 2024,7,20,24,33,40,6,36,https://www.baloto.com/resultados-revancha/2449
BALOTO,2448,6 de Noviembre de 2024,3,4,20,30,37,12,36,https://www.baloto.com/resultados-baloto/2448
REVANCHA,2448,6 de Noviembre de 2024,6,15,24,28,31,10,36,https://www.baloto.com/resultados-revancha/2448
BALOTO,2447,2 de Noviembre de 2024,1,9,19,29,39,6,37,https://www.baloto.com/resultados-baloto/2447
REVANCHA,2447,2 de Noviembre de 2024,10,24,36,40,42,11,37,https://www.baloto.com/resultados-revancha/2447
BALOTO,2446,30 de Octubre de 2024,6,14,15,29,42,14,37,https://www.baloto.com/resultados-baloto/2446
REVANCHA,2446,30 de Octubre de 2024,6,25,33,42,43,10,37,https://www.baloto.com/resultados-revancha/2446
BALOTO,2445,26 de Octubre de 2024,1,4,11,21,43,4,37,https://www.baloto.com/resultados-baloto/2445
REVANCHA,2445,26 de Octubre de 2024,18,20,21,26,32,3,37,https://www.baloto.com/resultados-revancha/2445
BALOTO,2444,23 de Octubre de 2024,1,4,13,34,43,16,37,https://www.baloto.com/resultados-baloto/2444
REVANCHA,2444,23 de Octubre de 2024,8,14,16,26,32,9,37,https://www.baloto.com/resultados-revancha/2444
BALOTO,2443,19 de Octubre de 2024,18,19,26,29,40,1,37,https://www.baloto.com/resultados-baloto/2443
REVANCHA,2443,19 de Octubre de 2024,31,32,33,39,43,14,37,https://www.baloto.com/resultados-revancha/2443
BALOTO,2442,16 de Octubre de 2024,10,14,19,24,39,5,38,https://www.baloto.com/resultados-baloto/2442
REVANCHA,2442,16 de Octubre de 2024,1,16,23,33,42,5,38,https://www.baloto.com/resultados-revancha/2442
BALOTO,2441,12 de Octubre de 2024,1,9,21,39,41,15,38,https://www.baloto.com/resultados-baloto/2441
REVANCHA,2441,12 de Octubre de 2024,4,5,9,18,34,16,38,https://www.baloto.com/resultados-revancha/2441
BALOTO,2440,9 de Octubre de 2024,9,21,36,37,41,9,38,https://www.baloto.com/resultados-baloto/2440
REVANCHA,2440,9 de Octubre de 2024,5,7,10,25,43,16,38,https://www.baloto.com/resultados-revancha/2440
BALOTO,2439,5 de Octubre de 2024,5,12,17,37,42,12,38,https://www.baloto.com/resultados-baloto/2439
REVANCHA,2439,5 de Octubre de 2024,12,13,27,32,34,6,38,https://www.baloto.com/resultados-revancha/2439
BALOTO,2438,2 de Octubre de 2024,5,16,17,27,36,4,38,https://www.baloto.com/resultados-baloto/2438
REVANCHA,2438,2 de Octubre de 2024,12,20,24,34,39,7,38,https://www.baloto.com/resultados-revancha/2438
BALOTO,2437,28 de Septiembre de 2024,2,12,15,35,37,9,39,https://www.baloto.com/resultados-baloto/2437
REVANCHA,2437,28 de Septiembre de 2024,7,14,19,20,27,16,39,https://www.baloto.com/resultados-revancha/2437
BALOTO,2436,25 de Septiembre de 2024,1,8,11,33,35,6,39,https://www.baloto.com/resultados-baloto/2436
REVANCHA,2436,25 de Septiembre de 2024,6,15,29,32,42,12,39,https://www.baloto.com/resultados-revancha/2436
BALOTO,2435,21 de Septiembre de 2024,2,16,18,35,42,6,39,https://www.baloto.com/resultados-baloto/2435
REVANCHA,2435,21 de Septiembre de 2024,4,27,29,37,43,4,39,https://www.baloto.com/resultados-revancha/2435
BALOTO,2434,18 de Septiembre de 2024,14,18,22,33,41,13,39,https://www.baloto.com/resultados-baloto/2434
REVANCHA,2434,18 de Septiembre de 2024,8,9,10,16,23,3,39,https://www.baloto.com/resultados-revancha/2434
BALOTO,2433,14 de Septiembre de 2024,31,32,39,41,43,11,39,https://www.baloto.com/resultados-baloto/2433
REVANCHA,2433,14 de Septiembre de 2024,11,13,16,28,42,4,39,https://www.baloto.com/resultados-revancha/2433
BALOTO,2432,11 de Septiembre de 2024,6,12,24,25,28,15,40,https://www.baloto.com/resultados-baloto/2432
REVANCHA,2432,11 de Septiembre de 2024,4,12,28,32,40,10,40,https://www.baloto.com/resultados-revancha/2432
BALOTO,2431,7 de Septiembre de 2024,6,19,23,27,35,10,40,https://www.baloto.com/resultados-baloto/2431
REVANCHA,2431,7 de Septiembre de 2024,3,5,6,36,42,1,40,https://www.baloto.com/resultados-revancha/2431
BALOTO,2430,4 de Septiembre de 2024,12,17,22,36,43,11,40,https://www.baloto.com/resultados-baloto/2430
REVANCHA,2430,4 de Septiembre de 2024,23,25,34,42,43,4,40,https://www.baloto.com/resultados-revancha/2430
BALOTO,2429,31 de Agosto de 2024,1,8,9,22,34,2,40,https://www.baloto.com/resultados-baloto/2429
REVANCHA,2429,31 de Agosto de 2024,2,4,20,22,32,11,40,https://www.baloto.com/resultados-revancha/2429
BALOTO,2428,28 de Agosto de 2024,6,7,11,27,42,15,40,https://www.baloto.com/resultados-baloto/2428
REVANCHA,2428,28 de Agosto de 2024,2,4,21,32,33,13,40,https://www.baloto.com/resultados-revancha/2428
BALOTO,2427,24 de Agosto de 2024,1,3,21,30,39,15,41,https://www.baloto.com/resultados-baloto/2427
REVANCHA,2427,24 de Agosto de 2024,1,13,14,15,33,1,41,https://www.baloto.com/resultados-revancha/2427
BALOTO,2426,21 de Agosto de 2024,20,21,23,32,42,14,41,https://www.baloto.com/resultados-baloto/2426
REVANCHA,2426,21 de Agosto de 2024,4,13,37,39,41,15,41,https://www.baloto.com/resultados-revancha/2426
BALOTO,2425,17 de Agosto de 2024,4,10,15,33,37,1,41,https://www.baloto.com/resultados-baloto/2425
REVANCHA,2425,17 de Agosto de 2024,1,22,27,31,40,11,41,https://www.baloto.com/resultados-revancha/2425
BALOTO,2424,14 de Agosto de 2024,3,9,13,21,27,7,41,https://www.baloto.com/resultados-baloto/2424
REVANCHA,2424,14 de Agosto de 2024,3,22,25,33,38,12,41,https://www.baloto.com/resultados-revancha/2424
BALOTO,2423,10 de Agosto de 2024,1,12,18,26,39,11,41,https://www.baloto.com/resultados-baloto/2423
REVANCHA,2423,10 de Agosto de 2024,2,4,32,39,42,3,41,https://www.baloto.com/resultados-revancha/2423
BALOTO,2422,7 de Agosto de 2024,1,21,36,41,42,16,42,https://www.baloto.com/resultados-baloto/2422
REVANCHA,2422,7 de Agosto de 2024,4,17,24,29,43,5,42,https://www.baloto.com/resultados-revancha/2422
BALOTO,2421,3 de Agosto de 2024,5,21,24,34,43,3,42,https://www.baloto.com/resultados-baloto/2421
REVANCHA,2421,3 de Agosto de 2024,8,14,23,28,32,13,42,https://www.baloto.com/resultados-revancha/2421
BALOTO,2420,31 de Julio de 2024,2,24,32,38,42,10,42,https://www.baloto.com/resultados-baloto/2420
REVANCHA,2420,31 de Julio de 2024,1,4,9,33,37,15,42,https://www.baloto.com/resultados-revancha/2420
BALOTO,2419,27 de Julio de 2024,19,25,32,38,41,13,42,https://www.baloto.com/resultados-baloto/2419
REVANCHA,2419,27 de Julio de 2024,8,12,22,25,39,11,42,https://www.baloto.com/resultados-revancha/2419
BALOTO,2418,24 de Julio de 2024,6,29,31,36,41,6,42,https://www.baloto.com/resultados-baloto/2418
REVANCHA,2418,24 de Julio de 2024,9,12,21,30,41,2,42,https://www.baloto.com/resultados-revancha/2418
BALOTO,2417,20 de Julio de 2024,2,3,10,29,43,16,43,https://www.baloto.com/resultados-baloto/2417
REVANCHA,2417,20 de Julio de 2024,6,11,26,27,40,7,43,https://www.baloto.com/resultados-revancha/2417
BALOTO,2416,17 de Julio de 2024,16,33,36,39,43,6,43,https://www.baloto.com/resultados-baloto/2416
REVANCHA,2416,17 de Julio de 2024,23,24,27,29,40,9,43,https://www.baloto.com/resultados-revancha/2416
BALOTO,2415,13 de Julio de 2024,6,7,18,25,41,16,43,https://www.baloto.com/resultados-baloto/2415
REVANCHA,2415,13 de Julio de 2024,7,15,21,29,36,8,43,https://www.baloto.com/resultados-revancha/2415
BALOTO,2414,10 de Julio de 2024,3,11,21,22,36,11,43,https://www.baloto.com/resultados-baloto/2414
REVANCHA,2414,10 de Julio de 2024,12,15,21,26,39,9,43,https://www.baloto.com/resultados-revancha/2414
BALOTO,2413,6 de Julio de 2024,14,18,26,32,42,1,43,https://www.baloto.com/resultados-baloto/2413
REVANCHA,2413,6 de Julio de 2024,8,10,16,30,35,11,43,https://www.baloto.com/resultados-revancha/2413
BALOTO,2412,3 de Julio de 2024,9,19,27,32,43,2,44,https://www.baloto.com/resultados-baloto/2412
REVANCHA,2412,3 de Julio de 2024,5,7,19,22,25,5,44,https://www.baloto.com/resultados-revancha/2412
BALOTO,2411,29 de Junio de 2024,4,5,16,21,32,14,44,https://www.baloto.com/resultados-baloto/2411
REVANCHA,2411,29 de Junio de 2024,8,19,25,28,41,2,44,https://www.baloto.com/resultados-revancha/2411
BALOTO,2410,26 de Junio de 2024,6,13,20,36,43,9,44,https://www.baloto.com/resultados-baloto/2410
REVANCHA,2410,26 de Junio de 2024,7,11,32,40,41,9,44,https://www.baloto.com/resultados-revancha/2410
BALOTO,2409,22 de Junio de 2024,4,7,21,25,33,16,44,https://www.baloto.com/resultados-baloto/2409
REVANCHA,2409,22 de Junio de 2024,4,15,16,20,34,4,44,https://www.baloto.com/resultados-revancha/2409
BALOTO,2408,19 de Junio de 2024,12,17,22,23,39,13,44,https://www.baloto.com/resultados-baloto/2408
REVANCHA,2408,19 de Junio de 2024,2,11,13,24,37,11,44,https://www.baloto.com/resultados-revancha/2408
BALOTO,2407,15 de Junio de 2024,6,10,18,40,43,16,45,https://www.baloto.com/resultados-baloto/2407
REVANCHA,2407,15 de Junio de 2024,2,13,14,30,43,3,45,https://www.baloto.com/resultados-revancha/2407
BALOTO,2406,12 de Junio de 2024,4,9,15,20,34,1,45,https://www.baloto.com/resultados-baloto/2406
REVANCHA,2406,12 de Junio de 2024,4,9,13,14,20,12,45,https://www.baloto.com/resultados-revancha/2406
BALOTO,2405,8 de Junio de 2024,5,16,17,29,38,7,45,https://www.baloto.com/resultados-baloto/2405
REVANCHA,2405,8 de Junio de 2024,7,25,28,39,41,7,45,https://www.baloto.com/resultados-revancha/2405
BALOTO,2404,5 de Junio de 2024,3,19,24,38,39,5,45,https://www.baloto.com/resultados-baloto/2404
REVANCHA,2404,5 de Junio de 2024,8,18,20,28,41,4,45,https://www.baloto.com/resultados-revancha/2404
BALOTO,2403,1 de Junio de 2024,16,22,26,27,37,9,45,https://www.baloto.com/resultados-baloto/2403
REVANCHA,2403,1 de Junio de 2024,10,26,28,29,40,15,45,https://www.baloto.com/resultados-revancha/2403
BALOTO,2402,29 de Mayo de 2024,7,8,14,15,19,6,46,https://www.baloto.com/resultados-baloto/2402
REVANCHA,2402,29 de Mayo de 2024,18,19,23,25,38,14,46,https://www.baloto.com/resultados-revancha/2402
BALOTO,2401,25 de Mayo de 2024,12,18,39,40,41,3,46,https://www.baloto.com/resultados-baloto/2401
REVANCHA,2401,25 de Mayo de 2024,7,12,27,28,37,16,46,https://www.baloto.com/resultados-revancha/2401
BALOTO,2400,22 de Mayo de 2024,5,11,14,21,33,6,46,https://www.baloto.com/resultados-baloto/2400
REVANCHA,2400,22 de Mayo de 2024,5,11,16,17,37,13,46,https://www.baloto.com/resultados-revancha/2400
BALOTO,2399,18 de Mayo de 2024,12,19,28,35,42,4,46,https://www.baloto.com/resultados-baloto/2399
REVANCHA,2399,18 de Mayo de 2024,1,10,16,27,35,13,46,https://www.baloto.com/resultados-revancha/2399
BALOTO,2398,15 de Mayo de 2024,2,4,10,27,41,2,46,https://www.baloto.com/resultados-baloto/2398
REVANCHA,2398,15 de Mayo de 2024,3,4,6,15,23,10,46,https://www.baloto.com/resultados-revancha/2398
BALOTO,2397,11 de Mayo de 2024,4,11,16,21,39,8,47,https://www.baloto.com/resultados-baloto/2397
REVANCHA,2397,11 de Mayo de 2024,12,23,35,38,42,1,47,https://www.baloto.com/resultados-revancha/2397
BALOTO,2396,8 de Mayo de 2024,13,16,23,26,30,16,47,https://www.baloto.com/resultados-baloto/2396
REVANCHA,2396,8 de Mayo de 2024,13,24,25,33,36,15,47,https://www.baloto.com/resultados-revancha/2396
BALOTO,2395,4 de Mayo de 2024,8,10,28,30,38,10,47,https://www.baloto.com/resultados-baloto/2395
REVANCHA,2395,4 de Mayo de 2024,24,29,34,35,36,14,47,https://www.baloto.com/resultados-revancha/2395
BALOTO,2394,1 de Mayo de 2024,20,23,25,31,36,12,47,https://www.baloto.com/resultados-baloto/2394
REVANCHA,2394,1 de Mayo de 2024,2,4,21,24,29,2,47,https://www.baloto.com/resultados-revancha/2394
BALOTO,2393,27 de Abril de 2024,11,13,21,23,24,6,47,https://www.baloto.com/resultados-baloto/2393
REVANCHA,2393,27 de Abril de 2024,1,2,15,21,23,13,47,https://www.baloto.com/resultados-revancha/2393
BALOTO,2392,24 de Abril de 2024,19,20,26,29,43,9,48,https://www.baloto.com/resultados-baloto/2392
REVANCHA,2392,24 de Abril de 2024,7,9,32,34,41,10,48,https://www.baloto.com/resultados-revancha/2392
BALOTO,2391,20 de Abril de 2024,2,12,31,32,35,3,48,https://www.baloto.com/resultados-baloto/2391
REVANCHA,2391,20 de Abril de 2024,7,9,12,37,41,7,48,https://www.baloto.com/resultados-revancha/2391
BALOTO,2390,17 de Abril de 2024,25,26,31,37,38,4,48,https://www.baloto.com/resultados-baloto/2390
REVANCHA,2390,17 de Abril de 2024,20,30,31,40,43,9,48,https://www.baloto.com/resultados-revancha/2390
BALOTO,2389,13 de Abril de 2024,2,16,31,37,43,5,48,https://www.baloto.com/resultados-baloto/2389
REVANCHA,2389,13 de Abril de 2024,4,10,11,30,37,13,48,https://www.baloto.com/resultados-revancha/2389
BALOTO,2388,10 de Abril de 2024,3,5,11,12,40,2,48,https://www.baloto.com/resultados-baloto/2388
REVANCHA,2388,10 de Abril de 2024,6,30,34,36,39,14,48,https://www.baloto.com/resultados-revancha/2388
BALOTO,2387,6 de Abril de 2024,2,24,25,26,30,9,49,https://www.baloto.com/resultados-baloto/2387
REVANCHA,2387,6 de Abril de 2024,13,17,24,41,43,10,49,https://www.baloto.com/resultados-revancha/2387
BALOTO,2386,3 de Abril de 2024,14,20,29,37,41,14,49,https://www.baloto.com/resultados-baloto/2386
REVANCHA,2386,3 de Abril de 2024,9,11,21,24,41,6,49,https://www.baloto.com/resultados-revancha/2386
BALOTO,2385,30 de Marzo de 2024,7,21,30,35,36,11,49,https://www.baloto.com/resultados-baloto/2385
REVANCHA,2385,30 de Marzo de 2024,15,18,23,30,34,1,49,https://www.baloto.com/resultados-revancha/2385
BALOTO,2384,27 de Marzo de 2024,2,3,8,11,32,16,49,https://www.baloto.com/resultados-baloto/2384
REVANCHA,2384,27 de Marzo de 2024,1,8,19,34,39,3,49,https://www.baloto.com/resultados-revancha/2384
BALOTO,2383,23 de Marzo de 2024,9,23,29,32,34,7,49,https://www.baloto.com/resultados-baloto/2383
REVANCHA,2383,23 de Marzo de 2024,10,14,21,32,41,8,49,https://www.baloto.com/resultados-revancha/2383
BALOTO,2382,20 de Marzo de 2024,17,22,24,35,40,8,50,https://www.baloto.com/resultados-baloto/2382
REVANCHA,2382,20 de Marzo de 2024,14,16,24,27,32,16,50,https://www.baloto.com/resultados-revancha/2382
BALOTO,2381,16 de Marzo de 2024,1,12,25,27,32,8,50,https://www.baloto.com/resultados-baloto/2381
REVANCHA,2381,16 de Marzo de 2024,19,21,28,29,39,9,50,https://www.baloto.com/resultados-revancha/2381
BALOTO,2380,13 de Marzo de 2024,6,20,24,27,42,16,50,https://www.baloto.com/resultados-baloto/2380
REVANCHA,2380,13 de Marzo de 2024,9,19,21,24,33,15,50,https://www.baloto.com/resultados-revancha/2380
BALOTO,2379,9 de Marzo de 2024,10,14,23,25,42,4,50,https://www.baloto.com/resultados-baloto/2379
REVANCHA,2379,9 de Marzo de 2024,1,14,18,21,42,12,50,https://www.baloto.com/resultados-revancha/2379
BALOTO,2378,6 de Marzo de 2024,19,25,26,39,41,15,50,https://www.baloto.com/resultados-baloto/2378
REVANCHA,2378,6 de Marzo de 2024,1,5,9,13,43,16,50,https://www.baloto.com/resultados-revancha/2378
BALOTO,2377,2 de Marzo de 2024,6,17,26,38,40,3,51,https://www.baloto.com/resultados-baloto/2377
REVANCHA,2377,2 de Marzo de 2024,2,9,18,26,43,13,51,https://www.baloto.com/resultados-revancha/2377
BALOTO,2376,28 de Febrero de 2024,4,14,23,34,42,7,51,https://www.baloto.com/resultados-baloto/2376
REVANCHA,2376,28 de Febrero de 2024,4,26,28,29,37,1,51,https://www.baloto.com/resultados-revancha/2376
BALOTO,2375,24 de Febrero de 2024,12,22,29,41,42,15,51,https://www.baloto.com/resultados-baloto/2375
REVANCHA,2375,24 de Febrero de 2024,2,5,27,28,30,4,51,https://www.baloto.com/resultados-revancha/2375
BALOTO,2374,21 de Febrero de 2024,1,7,11,18,34,11,51,https://www.baloto.com/resultados-baloto/2374
REVANCHA,2374,21 de Febrero de 2024,16,22,29,30,37,2,51,https://www.baloto.com/resultados-revancha/2374
BALOTO,2373,17 de Febrero de 2024,18,21,34,38,43,14,51,https://www.baloto.com/resultados-baloto/2373
REVANCHA,2373,17 de Febrero de 2024,2,4,14,21,28,7,51,https://www.baloto.com/resultados-revancha/2373
BALOTO,2372,14 de Febrero de 2024,1,8,21,27,35,3,52,https://www.baloto.com/resultados-baloto/2372
REVANCHA,2372,14 de Febrero de 2024,3,16,19,37,40,7,52,https://www.baloto.com/resultados-revancha/2372
BALOTO,2371,10 de Febrero de 2024,6,14,31,34,42,7,52,https://www.baloto.com/resultados-baloto/2371
REVANCHA,2371,10 de Febrero de 2024,9,14,22,24,29,1,52,https://www.baloto.com/resultados-revancha/2371
BALOTO,2370,7 de Febrero de 2024,2,11,26,28,41,5,52,https://www.baloto.com/resultados-baloto/2370
REVANCHA,2370,7 de Febrero de 2024,2,4,22,29,35,16,52,https://www.baloto.com/resultados-revancha/2370
BALOTO,2369,3 de Febrero de 2024,18,20,39,40,43,14,52,https://www.baloto.com/resultados-baloto/2369
REVANCHA,2369,3 de Febrero de 2024,5,10,16,29,36,13,52,https://www.baloto.com/resultados-revancha/2369
BALOTO,2368,31 de Enero de 2024,2,14,20,26,28,12,52,https://www.baloto.com/resultados-baloto/2368
REVANCHA,2368,31 de Enero de 2024,4,8,24,34,40,5,52,https://www.baloto.com/resultados-revancha/2368
BALOTO,2367,27 de Enero de 2024,14,24,33,35,36,7,53,https://www.baloto.com/resultados-baloto/2367
REVANCHA,2367,27 de Enero de 2024,15,24,28,29,33,13,53,https://www.baloto.com/resultados-revancha/2367
BALOTO,2366,24 de Enero de 2024,2,20,21,27,38,11,53,https://www.baloto.com/resultados-baloto/2366
REVANCHA,2366,24 de Enero de 2024,7,10,11,13,25,1,53,https://www.baloto.com/resultados-revancha/2366
BALOTO,2365,20 de Enero de 2024,19,23,32,36,39,11,53,https://www.baloto.com/resultados-baloto/2365
REVANCHA,2365,20 de Enero de 2024,8,16,20,27,37,4,53,https://www.baloto.com/resultados-revancha/2365
BALOTO,2364,17 de Enero de 2024,4,25,26,27,30,4,53,https://www.baloto.com/resultados-baloto/2364
REVANCHA,2364,17 de Enero de 2024,11,29,30,36,41,2,53,https://www.baloto.com/resultados-revancha/2364
BALOTO,2363,13 de Enero de 2024,1,3,23,27,39,7,53,https://www.baloto.com/resultados-baloto/2363
REVANCHA,2363,13 de Enero de 2024,17,21,26,29,37,4,53,https://www.baloto.com/resultados-revancha/2363
BALOTO,2362,10 de Enero de 2024,2,11,16,28,43,3,54,https://www.baloto.com/resultados-baloto/2362
REVANCHA,2362,10 de Enero de 2024,6,8,9,13,43,11,54,https://www.baloto.com/resultados-revancha/2362
BALOTO,2361,6 de Enero de 2024,22,27,37,40,42,14,54,https://www.baloto.com/resultados-baloto/2361
REVANCHA,2361,6 de Enero de 2024,2,10,12,17,25,12,54,https://www.baloto.com/resultados-revancha/2361
BALOTO,2360,3 de Enero de 2024,6,20,31,36,41,5,54,https://www.baloto.com/resultados-baloto/2360
REVANCHA,2360,3 de Enero de 2024,1,3,5,14,28,8,54,https://www.baloto.com/resultados-revancha/2360
BALOTO,2359,30 de Diciembre de 2023,8,13,21,32,33,8,54,https://www.baloto.com/resultados-baloto/2359
REVANCHA,2359,30 de Diciembre de 2023,24,28,32,35,39,16,54,https://www.baloto.com/resultados-revancha/2359
BALOTO,2358,27 de Diciembre de 2023,3,9,22,26,27,1,54,https://www.baloto.com/resultados-baloto/2358
REVANCHA,2358,27 de Diciembre de 2023,15,23,26,35,42,3,54,https://www.baloto.com/resultados-revancha/2358
BALOTO,2357,23 de Diciembre de 2023,7,11,25,28,30,9,55,https://www.baloto.com/resultados-baloto/2357
REVANCHA,2357,23 de Diciembre de 2023,5,11,12,33,41,4,55,https://www.baloto.com/resultados-revancha/2357
BALOTO,2356,20 de Diciembre de 2023,1,6,7,17,21,13,55,https://www.baloto.com/resultados-baloto/2356
REVANCHA,2356,20 de Diciembre de 2023,22,30,32,39,42,7,55,https://www.baloto.com/resultados-revancha/2356
BALOTO,2355,16 de Diciembre de 2023,4,5,17,18,38,3,55,https://www.baloto.com/resultados-baloto/2355
REVANCHA,2355,16 de Diciembre de 2023,16,19,24,27,38,8,55,https://www.baloto.com/resultados-revancha/2355
BALOTO,2354,13 de Diciembre de 2023,14,25,27,30,42,8,55,https://www.baloto.com/resultados-baloto/2354
REVANCHA,2354,13 de Diciembre de 2023,12,18,37,40,42,1,55,https://www.baloto.com/resultados-revancha/2354
BALOTO,2353,9 de Diciembre de 2023,7,10,12,35,41,4,55,https://www.baloto.com/resultados-baloto/2353
REVANCHA,2353,9 de Diciembre de 2023,2,18,26,33,36,1,55,https://www.baloto.com/resultados-revancha/2353
BALOTO,2352,6 de Diciembre de 2023,16,25,26,35,39,14,56,https://www.baloto.com/resultados-baloto/2352
REVANCHA,2352,6 de Diciembre de 2023,5,15,20,29,41,6,56,https://www.baloto.com/resultados-revancha/2352
BALOTO,2351,2 de Diciembre de 2023,11,14,16,18,19,15,56,https://www.baloto.com/resultados-baloto/2351
REVANCHA,2351,2 de Diciembre de 2023,2,27,30,34,37,14,56,https://www.baloto.com/resultados-revancha/2351
BALOTO,2350,29 de Noviembre de 2023,7,11,25,32,35,1,56,https://www.baloto.com/resultados-baloto/2350
REVANCHA,2350,29 de Noviembre de 2023,1,10,11,23,36,4,56,https://www.baloto.com/resultados-revancha/2350
BALOTO,2349,25 de Noviembre de 2023,9,11,19,28,41,9,56,https://www.baloto.com/resultados-baloto/2349
REVANCHA,2349,25 de Noviembre de 2023,14,18,26,37,42,7,56,https://www.baloto.com/resultados-revancha/2349
BALOTO,2348,22 de Noviembre de 2023,15,18,19,30,42,2,56,https://www.baloto.com/resultados-baloto/2348
REVANCHA,2348,22 de Noviembre de 2023,17,30,32,35,37,9,56,https://www.baloto.com/resultados-revancha/2348
BALOTO,2347,18 de Noviembre de 2023,3,19,26,27,29,6,57,https://www.baloto.com/resultados-baloto/2347
REVANCHA,2347,18 de Noviembre de 2023,9,14,22,38,43,14,57,https://www.baloto.com/resultados-revancha/2347
BALOTO,2346,15 de Noviembre de 2023,5,16,26,28,38,8,57,https://www.baloto.com/resultados-baloto/2346
REVANCHA,2346,15 de Noviembre de 2023,12,16,17,28,36,13,57,https://www.baloto.com/resultados-revancha/2346
BALOTO,2345,11 de Noviembre de 2023,8,11,13,25,32,6,57,https://www.baloto.com/resultados-baloto/2345
REVANCHA,2345,11 de Noviembre de 2023,5,8,15,35,39,12,57,https://www.baloto.com/resultados-revancha/2345
BALOTO,2344,8 de Noviembre de 2023,3,11,18,27,33,9,57,https://www.baloto.com/resultados-baloto/2344
REVANCHA,2344,8 de Noviembre de 2023,17,18,28,34,42,12,57,https://www.baloto.com/resultados-revancha/2344
BALOTO,2343,4 de Noviembre de 2023,1,2,12,30,36,1,57,https://www.baloto.com/resultados-baloto/2343
REVANCHA,2343,4 de Noviembre de 2023,1,4,16,26,27,14,57,https://www.baloto.com/resultados-revancha/2343
BALOTO,2342,1 de Noviembre de 2023,5,9,19,30,37,6,58,https://www.baloto.com/resultados-baloto/2342
REVANCHA,2342,1 de Noviembre de 2023,11,14,32,34,36,8,58,https://www.baloto.com/resultados-revancha/2342
BALOTO,2341,28 de Octubre de 2023,5,20,33,36,43,10,58,https://www.baloto.com/resultados-baloto/2341
REVANCHA,2341,28 de Octubre de 2023,5,8,17,27,31,16,58,https://www.baloto.com/resultados-revancha/2341
BALOTO,2340,25 de Octubre de 2023,15,22,25,28,33,7,58,https://www.baloto.com/resultados-baloto/2340
REVANCHA,2340,25 de Octubre de 2023,7,10,12,27,37,15,58,https://www.baloto.com/resultados-revancha/2340
BALOTO,2339,21 de Octubre de 2023,12,18,25,34,43,13,58,https://www.baloto.com/resultados-baloto/2339
REVANCHA,2339,21 de Octubre de 2023,6,10,18,35,37,13,58,https://www.baloto.com/resultados-revancha/2339
BALOTO,2338,18 de Octubre de 2023,20,21,26,29,40,9,58,https://www.baloto.com/resultados-baloto/2338
REVANCHA,2338,18 de Octubre de 2023,2,5,14,30,31,14,58,https://www.baloto.com/resultados-revancha/2338
BALOTO,2337,14 de Octubre de 2023,4,15,26,27,29,9,59,https://www.baloto.com/resultados-baloto/2337
REVANCHA,2337,14 de Octubre de 2023,3,6,28,35,36,5,59,https://www.baloto.com/resultados-revancha/2337
BALOTO,2336,11 de Octubre de 2023,3,5,12,23,36,1,59,https://www.baloto.com/resultados-baloto/2336
REVANCHA,2336,11 de Octubre de 2023,2,7,13,25,29,10,59,https://www.baloto.com/resultados-revancha/2336
BALOTO,2335,7 de Octubre de 2023,6,23,25,37,40,15,59,https://www.baloto.com/resultados-baloto/2335
REVANCHA,2335,7 de Octubre de 2023,10,14,26,32,39,11,59,https://www.baloto.com/resultados-revancha/2335
BALOTO,2334,4 de Octubre de 2023,6,22,29,30,31,10,59,https://www.baloto.com/resultados-baloto/2334
REVANCHA,2334,4 de Octubre de 2023,2,3,21,27,40,9,59,https://www.baloto.com/resultados-revancha/2334
BALOTO,2333,30 de Septiembre de 2023,10,15,19,21,41,10,59,https://www.baloto.com/resultados-baloto/2333
REVANCHA,2333,30 de Septiembre de 2023,4,8,10,15,18,8,59,https://www.baloto.com/resultados-revancha/2333
BALOTO,2332,27 de Septiembre de 2023,2,20,25,36,41,11,60,https://www.baloto.com/resultados-baloto/2332
REVANCHA,2332,27 de Septiembre de 2023,13,14,23,25,40,11,60,https://www.baloto.com/resultados-revancha/2332
BALOTO,2331,23 de Septiembre de 2023,13,20,24,30,42,12,60,https://www.baloto.com/resultados-baloto/2331
REVANCHA,2331,23 de Septiembre de 2023,3,13,20,30,35,14,60,https://www.baloto.com/resultados-revancha/2331
BALOTO,2330,20 de Septiembre de 2023,2,3,10,21,23,14,60,https://www.baloto.com/resultados-baloto/2330
REVANCHA,2330,20 de Septiembre de 2023,8,9,30,37,40,10,60,https://www.baloto.com/resultados-revancha/2330
BALOTO,2329,16 de Septiembre de 2023,6,29,32,39,43,16,60,https://www.baloto.com/resultados-baloto/2329
REVANCHA,2329,16 de Septiembre de 2023,8,33,39,41,42,1,60,https://www.baloto.com/resultados-revancha/2329
BALOTO,2328,13 de Septiembre de 2023,7,11,28,38,39,2,60,https://www.baloto.com/resultados-baloto/2328
REVANCHA,2328,13 de Septiembre de 2023,3,21,34,36,39,15,60,https://www.baloto.com/resultados-revancha/2328
BALOTO,2327,9 de Septiembre de 2023,15,18,22,34,42,3,61,https://www.baloto.com/resultados-baloto/2327
REVANCHA,2327,9 de Septiembre de 2023,16,31,33,36,38,5,61,https://www.baloto.com/resultados-revancha/2327
BALOTO,2326,6 de Septiembre de 2023,9,33,34,41,43,7,61,https://www.baloto.com/resultados-baloto/2326
REVANCHA,2326,6 de Septiembre de 2023,17,27,38,41,43,5,61,https://www.baloto.com/resultados-revancha/2326
BALOTO,2325,2 de Septiembre de 2023,1,3,20,29,39,1,61,https://www.baloto.com/resultados-baloto/2325
REVANCHA,2325,2 de Septiembre de 2023,14,16,21,27,29,5,61,https://www.baloto.com/resultados-revancha/2325
BALOTO,2324,30 de Agosto de 2023,4,8,16,27,31,7,61,https://www.baloto.com/resultados-baloto/2324
REVANCHA,2324,30 de Agosto de 2023,6,15,16,18,37,9,61,https://www.baloto.com/resultados-revancha/2324
BALOTO,2323,26 de Agosto de 2023,5,14,22,37,43,13,61,https://www.baloto.com/resultados-baloto/2323
REVANCHA,2323,26 de Agosto de 2023,1,10,14,17,34,7,61,https://www.baloto.com/resultados-revancha/2323
BALOTO,2322,23 de Agosto de 2023,4,15,23,24,33,12,62,https://www.baloto.com/resultados-baloto/2322
REVANCHA,2322,23 de Agosto de 2023,8,10,16,19,37,12,62,https://www.baloto.com/resultados-revancha/2322
BALOTO,2321,19 de Agosto de 2023,5,10,11,25,33,4,62,https://www.baloto.com/resultados-baloto/2321
REVANCHA,2321,19 de Agosto de 2023,2,3,4,5,20,3,62,https://www.baloto.com/resultados-revancha/2321
BALOTO,2320,16 de Agosto de 2023,3,10,20,31,41,6,62,https://www.baloto.com/resultados-baloto/2320
REVANCHA,2320,16 de Agosto de 2023,13,17,27,28,42,3,62,https://www.baloto.com/resultados-revancha/2320
BALOTO,2319,12 de Agosto de 2023,19,20,29,31,40,11,62,https://www.baloto.com/resultados-baloto/2319
REVANCHA,2319,12 de Agosto de 2023,13,18,26,37,39,1,62,https://www.baloto.com/resultados-revancha/2319
BALOTO,2318,9 de Agosto de 2023,3,12,22,24,25,6,62,https://www.baloto.com/resultados-baloto/2318
REVANCHA,2318,9 de Agosto de 2023,2,16,20,31,33,4,62,https://www.baloto.com/resultados-revancha/2318
BALOTO,2317,5 de Agosto de 2023,4,7,19,23,32,2,63,https://www.baloto.com/resultados-baloto/2317
REVANCHA,2317,5 de Agosto de 2023,6,18,27,40,42,7,63,https://www.baloto.com/resultados-revancha/2317
BALOTO,2316,2 de Agosto de 2023,5,19,24,25,37,13,63,https://www.baloto.com/resultados-baloto/2316
REVANCHA,2316,2 de Agosto de 2023,19,24,26,36,37,5,63,https://www.baloto.com/resultados-revancha/2316
BALOTO,2315,29 de Julio de 2023,5,9,11,14,24,4,63,https://www.baloto.com/resultados-baloto/2315
REVANCHA,2315,29 de Julio de 2023,14,20,25,29,30,9,63,https://www.baloto.com/resultados-revancha/2315
BALOTO,2314,26 de Julio de 2023,5,6,17,27,41,13,63,https://www.baloto.com/resultados-baloto/2314
REVANCHA,2314,26 de Julio de 2023,6,20,27,29,43,9,63,https://www.baloto.com/resultados-revancha/2314
BALOTO,2313,22 de Julio de 2023,14,15,21,40,42,11,63,https://www.baloto.com/resultados-baloto/2313
REVANCHA,2313,22 de Julio de 2023,2,4,24,31,40,15,63,https://www.baloto.com/resultados-revancha/2313
BALOTO,2312,19 de Julio de 2023,2,13,18,19,32,13,64,https://www.baloto.com/resultados-baloto/2312
REVANCHA,2312,19 de Julio de 2023,3,21,23,32,33,9,64,https://www.baloto.com/resultados-revancha/2312
BALOTO,2311,15 de Julio de 2023,2,15,27,33,35,16,64,https://www.baloto.com/resultados-baloto/2311
REVANCHA,2311,15 de Julio de 2023,15,16,25,36,41,2,64,https://www.baloto.com/resultados-revancha/2311
BALOTO,2310,12 de Julio de 2023,10,27,31,35,43,13,64,https://www.baloto.com/resultados-baloto/2310
REVANCHA,2310,12 de Julio de 2023,27,36,39,42,43,11,64,https://www.baloto.com/resultados-revancha/2310
BALOTO,2309,8 de Julio de 2023,13,15,30,38,41,3,64,https://www.baloto.com/resultados-baloto/2309
REVANCHA,2309,8 de Julio de 2023,16,17,28,30,38,6,64,https://www.baloto.com/resultados-revancha/2309
BALOTO,2308,5 de Julio de 2023,4,16,17,23,29,3,64,https://www.baloto.com/resultados-baloto/2308
REVANCHA,2308,5 de Julio de 2023,15,18,21,31,41,12,64,https://www.baloto.com/resultados-revancha/2308
BALOTO,2307,1 de Julio de 2023,14,26,27,35,37,3,65,https://www.baloto.com/resultados-baloto/2307
REVANCHA,2307,1 de Julio de 2023,4,12,19,34,38,13,65,https://www.baloto.com/resultados-revancha/2307
BALOTO,2306,28 de Junio de 2023,12,16,32,38,43,11,65,https://www.baloto.com/resultados-baloto/2306
REVANCHA,2306,28 de Junio de 2023,5,10,25,27,43,12,65,https://www.baloto.com/resultados-revancha/2306
BALOTO,2305,24 de Junio de 2023,8,15,23,24,42,14,65,https://www.baloto.com/resultados-baloto/2305
REVANCHA,2305,24 de Junio de 2023,4,19,23,30,42,1,65,https://www.baloto.com/resultados-revancha/2305
BALOTO,2304,21 de Junio de 2023,9,25,27,31,42,4,65,https://www.baloto.com/resultados-baloto/2304
REVANCHA,2304,21 de Junio de 2023,5,7,12,29,37,9,65,https://www.baloto.com/resultados-revancha/2304
BALOTO,2303,17 de Junio de 2023,9,11,13,35,43,7,65,https://www.baloto.com/resultados-baloto/2303
REVANCHA,2303,17 de Junio de 2023,2,3,13,20,30,3,65,https://www.baloto.com/resultados-revancha/2303
BALOTO,2302,14 de Junio de 2023,3,11,14,39,40,1,66,https://www.baloto.com/resultados-baloto/2302
REVANCHA,2302,14 de Junio de 2023,26,28,31,34,41,14,66,https://www.baloto.com/resultados-revancha/2302
BALOTO,2301,10 de Junio de 2023,9,13,21,38,43,11,66,https://www.baloto.com/resultados-baloto/2301
REVANCHA,2301,10 de Junio de 2023,12,26,36,40,42,12,66,https://www.baloto.com/resultados-revancha/2301
BALOTO,2300,7 de Junio de 2023,1,9,16,19,31,16,66,https://www.baloto.com/resultados-baloto/2300
REVANCHA,2300,7 de Junio de 2023,11,29,36,39,43,13,66,https://www.baloto.com/resultados-revancha/2300
BALOTO,2299,3 de Junio de 2023,9,27,30,39,41,10,66,https://www.baloto.com/resultados-baloto/2299
REVANCHA,2299,3 de Junio de 2023,4,8,12,20,30,16,66,https://www.baloto.com/resultados-revancha/2299
BALOTO,2298,31 de Mayo de 2023,2,5,23,40,43,7,66,https://www.baloto.com/resultados-baloto/2298
REVANCHA,2298,31 de Mayo de 2023,3,6,13,16,25,4,66,https://www.baloto.com/resultados-revancha/2298
BALOTO,2297,27 de Mayo de 2023,6,10,21,24,33,2,67,https://www.baloto.com/resultados-baloto/2297
REVANCHA,2297,27 de Mayo de 2023,5,8,9,24,41,7,67,https://www.baloto.com/resultados-revancha/2297
BALOTO,2296,24 de Mayo de 2023,1,6,27,29,39,8,67,https://www.baloto.com/resultados-baloto/2296
REVANCHA,2296,24 de Mayo de 2023,5,13,16,32,35,4,67,https://www.baloto.com/resultados-revancha/2296
BALOTO,2295,20 de Mayo de 2023,3,4,23,35,42,7,67,https://www.baloto.com/resultados-baloto/2295
REVANCHA,2295,20 de Mayo de 2023,3,7,20,25,33,1,67,https://www.baloto.com/resultados-revancha/2295
BALOTO,2294,17 de Mayo de 2023,3,5,15,25,29,11,67,https://www.baloto.com/resultados-baloto/2294
REVANCHA,2294,17 de Mayo de 2023,1,3,11,26,36,2,67,https://www.baloto.com/resultados-revancha/2294
BALOTO,2293,13 de Mayo de 2023,6,14,33,35,39,14,67,https://www.baloto.com/resultados-baloto/2293
REVANCHA,2293,13 de Mayo de 2023,18,30,33,34,37,8,67,https://www.baloto.com/resultados-revancha/2293
BALOTO,2292,10 de Mayo de 2023,13,14,15,25,32,14,68,https://www.baloto.com/resultados-baloto/2292
REVANCHA,2292,10 de Mayo de 2023,5,18,31,33,35,10,68,https://www.baloto.com/resultados-revancha/2292
BALOTO,2291,6 de Mayo de 2023,8,26,27,28,42,7,68,https://www.baloto.com/resultados-baloto/2291
REVANCHA,2291,6 de Mayo de 2023,4,10,17,23,32,2,68,https://www.baloto.com/resultados-revancha/2291
BALOTO,2290,3 de Mayo de 2023,9,13,22,39,41,16,68,https://www.baloto.com/resultados-baloto/2290
REVANCHA,2290,3 de Mayo de 2023,1,3,24,30,38,10,68,https://www.baloto.com/resultados-revancha/2290
BALOTO,2289,29 de Abril de 2023,7,20,26,33,39,7,68,https://www.baloto.com/resultados-baloto/2289
REVANCHA,2289,29 de Abril de 2023,3,14,19,34,39,12,68,https://www.baloto.com/resultados-revancha/2289
BALOTO,2288,26 de Abril de 2023,4,10,13,27,43,2,68,https://www.baloto.com/resultados-baloto/2288
REVANCHA,2288,26 de Abril de 2023,2,16,25,35,39,11,68,https://www.baloto.com/resultados-revancha/2288
BALOTO,2287,22 de Abril de 2023,17,18,32,37,43,6,69,https://www.baloto.com/resultados-baloto/2287
REVANCHA,2287,22 de Abril de 2023,3,12,15,28,40,1,69,https://www.baloto.com/resultados-revancha/2287
BALOTO,2286,19 de Abril de 2023,15,18,19,32,36,8,69,https://www.baloto.com/resultados-baloto/2286
REVANCHA,2286,19 de Abril de 2023,3,13,21,37,43,13,69,https://www.baloto.com/resultados-revancha/2286
BALOTO,2285,15 de Abril de 2023,19,21,28,29,30,12,69,https://www.baloto.com/resultados-baloto/2285
REVANCHA,2285,15 de Abril de 2023,5,26,33,37,43,4,69,https://www.baloto.com/resultados-revancha/2285
BALOTO,2284,12 de Abril de 2023,11,20,24,29,35,2,69,https://www.baloto.com/resultados-baloto/2284
REVANCHA,2284,12 de Abril de 2023,4,17,19,23,32,9,69,https://www.baloto.com/resultados-revancha/2284
BALOTO,2283,8 de Abril de 2023,3,5,12,19,20,5,69,https://www.baloto.com/resultados-baloto/2283
REVANCHA,2283,8 de Abril de 2023,10,27,32,40,42,14,69,https://www.baloto.com/resultados-revancha/2283
BALOTO,2282,5 de Abril de 2023,4,5,7,36,37,1,70,https://www.baloto.com/resultados-baloto/2282
REVANCHA,2282,5 de Abril de 2023,4,5,18,22,29,2,70,https://www.baloto.com/resultados-revancha/2282
BALOTO,2281,1 de Abril de 2023,1,4,11,22,25,6,70,https://www.baloto.com/resultados-baloto/2281
REVANCHA,2281,1 de Abril de 2023,20,24,27,33,40,12,70,https://www.baloto.com/resultados-revancha/2281
BALOTO,2280,29 de Marzo de 2023,21,22,23,31,39,6,70,https://www.baloto.com/resultados-baloto/2280
REVANCHA,2280,29 de Marzo de 2023,14,16,24,29,30,3,70,https://www.baloto.com/resultados-revancha/2280
BALOTO,2279,25 de Marzo de 2023,4,17,24,27,40,4,70,https://www.baloto.com/resultados-baloto/2279
REVANCHA,2279,25 de Marzo de 2023,7,8,16,19,30,5,70,https://www.baloto.com/resultados-revancha/2279
BALOTO,2278,22 de Marzo de 2023,1,16,21,34,35,14,70,https://www.baloto.com/resultados-baloto/2278
REVANCHA,2278,22 de Marzo de 2023,2,20,23,27,37,8,70,https://www.baloto.com/resultados-revancha/2278
BALOTO,2277,18 de Marzo de 2023,2,15,16,30,37,3,71,https://www.baloto.com/resultados-baloto/2277
REVANCHA,2277,18 de Marzo de 2023,1,5,9,19,31,13,71,https://www.baloto.com/resultados-revancha/2277
BALOTO,2276,15 de Marzo de 2023,2,4,18,23,39,5,71,https://www.baloto.com/resultados-baloto/2276
REVANCHA,2276,15 de Marzo de 2023,3,7,16,33,34,3,71,https://www.baloto.com/resultados-revancha/2276
BALOTO,2275,11 de Marzo de 2023,9,13,15,27,31,15,71,https://www.baloto.com/resultados-baloto/2275
REVANCHA,2275,11 de Marzo de 2023,3,7,24,33,40,14,71,https://www.baloto.com/resultados-revancha/2275
BALOTO,2274,8 de Marzo de 2023,24,26,35,36,41,7,71,https://www.baloto.com/resultados-baloto/2274
REVANCHA,2274,8 de Marzo de 2023,23,30,36,37,40,11,71,https://www.baloto.com/resultados-revancha/2274
BALOTO,2273,4 de Marzo de 2023,4,5,12,24,33,12,71,https://www.baloto.com/resultados-baloto/2273
REVANCHA,2273,4 de Marzo de 2023,1,5,11,28,31,15,71,https://www.baloto.com/resultados-revancha/2273
BALOTO,2272,1 de Marzo de 2023,16,23,36,39,42,11,72,https://www.baloto.com/resultados-baloto/2272
REVANCHA,2272,1 de Marzo de 2023,1,12,38,39,41,16,72,https://www.baloto.com/resultados-revancha/2272
BALOTO,2271,25 de Febrero de 2023,12,14,20,32,35,9,72,https://www.baloto.com/resultados-baloto/2271
REVANCHA,2271,25 de Febrero de 2023,20,26,29,37,38,12,72,https://www.baloto.com/resultados-revancha/2271
BALOTO,2270,22 de Febrero de 2023,6,8,13,14,22,12,72,https://www.baloto.com/resultados-baloto/2270
REVANCHA,2270,22 de Febrero de 2023,10,16,26,32,35,14,72,https://www.baloto.com/resultados-revancha/2270
BALOTO,2269,18 de Febrero de 2023,7,20,25,30,38,4,72,https://www.baloto.com/resultados-baloto/2269
REVANCHA,2269,18 de Febrero de 2023,5,7,10,13,31,14,72,https://www.baloto.com/resultados-revancha/2269
BALOTO,2268,15 de Febrero de 2023,7,15,22,25,35,9,72,https://www.baloto.com/resultados-baloto/2268
REVANCHA,2268,15 de Febrero de 2023,1,19,35,36,39,8,72,https://www.baloto.com/resultados-revancha/2268
BALOTO,2267,11 de Febrero de 2023,8,11,17,29,42,13,73,https://www.baloto.com/resultados-baloto/2267
REVANCHA,2267,11 de Febrero de 2023,7,20,25,26,30,11,73,https://www.baloto.com/resultados-revancha/2267
BALOTO,2266,8 de Febrero de 2023,3,8,12,13,43,7,73,https://www.baloto.com/resultados-baloto/2266
REVANCHA,2266,8 de Febrero de 2023,9,21,23,28,38,12,73,https://www.baloto.com/resultados-revancha/2266
BALOTO,2265,4 de Febrero de 2023,1,10,14,32,39,10,73,https://www.baloto.com/resultados-baloto/2265
REVANCHA,2265,4 de Febrero de 2023,5,6,18,26,42,9,73,https://www.baloto.com/resultados-revancha/2265
BALOTO,2264,1 de Febrero de 2023,8,12,16,26,39,6,73,https://www.baloto.com/resultados-baloto/2264
REVANCHA,2264,1 de Febrero de 2023,8,12,23,37,38,16,73,https://www.baloto.com/resultados-revancha/2264
BALOTO,2263,28 de Enero de 2023,2,14,15,28,40,5,73,https://www.baloto.com/resultados-baloto/2263
REVANCHA,2263,28 de Enero de 2023,8,18,27,40,42,8,73,https://www.baloto.com/resultados-revancha/2263
BALOTO,2262,25 de Enero de 2023,5,7,10,22,31,12,74,https://www.baloto.com/resultados-baloto/2262
REVANCHA,2262,25 de Enero de 2023,17,20,26,33,38,1,74,https://www.baloto.com/resultados-revancha/2262
BALOTO,2261,21 de Enero de 2023,2,7,12,21,37,9,74,https://www.baloto.com/resultados-baloto/2261
REVANCHA,2261,21 de Enero de 2023,6,11,13,16,42,12,74,https://www.baloto.com/resultados-revancha/2261
BALOTO,2260,18 de Enero de 2023,10,29,30,32,36,4,74,https://www.baloto.com/resultados-baloto/2260
REVANCHA,2260,18 de Enero de 2023,8,9,33,35,42,13,74,https://www.baloto.com/resultados-revancha/2260
BALOTO,2259,14 de Enero de 2023,2,23,25,33,34,10,74,https://www.baloto.com/resultados-baloto/2259
REVANCHA,2259,14 de Enero de 2023,4,8,21,36,43,8,74,https://www.baloto.com/resultados-revancha/2259
BALOTO,2258,11 de Enero de 2023,2,17,24,37,42,11,74,https://www.baloto.com/resultados-baloto/2258
REVANCHA,2258,11 de Enero de 2023,17,21,22,27,29,9,74,https://www.baloto.com/resultados-revancha/2258
BALOTO,2257,7 de Enero de 2023,17,25,32,33,40,3,75,https://www.baloto.com/resultados-baloto/2257
REVANCHA,2257,7 de Enero de 2023,11,17,33,34,40,9,75,https://www.baloto.com/resultados-revancha/2257
BALOTO,2256,4 de Enero de 2023,12,32,36,37,42,11,75,https://www.baloto.com/resultados-baloto/2256
REVANCHA,2256,4 de Enero de 2023,1,12,14,32,33,8,75,https://www.baloto.com/resultados-revancha/2256
BALOTO,2255,31 de Diciembre de 2022,3,11,27,31,32,12,75,https://www.baloto.com/resultados-baloto/2255
REVANCHA,2255,31 de Diciembre de 2022,14,25,32,33,39,12,75,https://www.baloto.com/resultados-revancha/2255
BALOTO,2254,28 de Diciembre de 2022,2,8,17,20,25,7,75,https://www.baloto.com/resultados-baloto/2254
REVANCHA,2254,28 de Diciembre de 2022,1,4,9,23,24,13,75,https://www.baloto.com/resultados-revancha/2254
BALOTO,2253,24 de Diciembre de 2022,7,9,23,37,40,14,75,https://www.baloto.com/resultados-baloto/2253
REVANCHA,2253,24 de Diciembre de 2022,16,26,27,36,42,11,75,https://www.baloto.com/resultados-revancha/2253
BALOTO,2252,21 de Diciembre de 2022,24,27,30,31,39,12,76,https://www.baloto.com/resultados-baloto/2252
REVANCHA,2252,21 de Diciembre de 2022,31,33,37,40,41,16,76,https://www.baloto.com/resultados-revancha/2252
BALOTO,2251,17 de Diciembre de 2022,1,10,12,39,40,14,76,https://www.baloto.com/resultados-baloto/2251
REVANCHA,2251,17 de Diciembre de 2022,21,26,34,37,42,16,76,https://www.baloto.com/resultados-revancha/2251
BALOTO,2250,14 de Diciembre de 2022,2,15,23,33,43,4,76,https://www.baloto.com/resultados-baloto/2250
REVANCHA,2250,14 de Diciembre de 2022,14,18,24,36,42,2,76,https://www.baloto.com/resultados-revancha/2250
BALOTO,2249,10 de Diciembre de 2022,6,9,28,35,41,7,76,https://www.baloto.com/resultados-baloto/2249
REVANCHA,2249,10 de Diciembre de 2022,4,7,21,22,36,10,76,https://www.baloto.com/resultados-revancha/2249
BALOTO,2248,7 de Diciembre de 2022,11,14,28,29,32,3,76,https://www.baloto.com/resultados-baloto/2248
REVANCHA,2248,7 de Diciembre de 2022,5,17,21,24,28,10,76,https://www.baloto.com/resultados-revancha/2248
BALOTO,2247,3 de Diciembre de 2022,14,19,21,32,33,1,77,https://www.baloto.com/resultados-baloto/2247
REVANCHA,2247,3 de Diciembre de 2022,5,11,12,13,34,3,77,https://www.baloto.com/resultados-revancha/2247
BALOTO,2246,30 de Noviembre de 2022,14,16,33,38,41,10,77,https://www.baloto.com/resultados-baloto/2246
REVANCHA,2246,30 de Noviembre de 2022,6,12,15,16,35,3,77,https://www.baloto.com/resultados-revancha/2246
BALOTO,2245,26 de Noviembre de 2022,4,9,30,31,34,16,77,https://www.baloto.com/resultados-baloto/2245
REVANCHA,2245,26 de Noviembre de 2022,8,20,21,29,38,11,77,https://www.baloto.com/resultados-revancha/2245
BALOTO,2244,23 de Noviembre de 2022,5,9,13,22,43,12,77,https://www.baloto.com/resultados-baloto/2244
REVANCHA,2244,23 de Noviembre de 2022,6,11,18,28,43,4,77,https://www.baloto.com/resultados-revancha/2244
BALOTO,2243,19 de Noviembre de 2022,23,26,27,33,37,3,77,https://www.baloto.com/resultados-baloto/2243
REVANCHA,2243,19 de Noviembre de 2022,4,24,25,26,43,3,77,https://www.baloto.com/resultados-revancha/2243
BALOTO,2242,16 de Noviembre de 2022,7,9,17,38,39,9,78,https://www.baloto.com/resultados-baloto/2242
REVANCHA,2242,16 de Noviembre de 2022,5,9,16,25,26,10,78,https://www.baloto.com/resultados-revancha/2242
BALOTO,2241,12 de Noviembre de 2022,10,11,25,27,33,16,78,https://www.baloto.com/resultados-baloto/2241
REVANCHA,2241,12 de Noviembre de 2022,6,21,26,39,41,15,78,https://www.baloto.com/resultados-revancha/2241
BALOTO,2240,9 de Noviembre de 2022,5,14,17,31,34,3,78,https://www.baloto.com/resultados-baloto/2240
REVANCHA,2240,9 de Noviembre de 2022,2,7,12,26,43,4,78,https://www.baloto.com/resultados-revancha/2240
BALOTO,2239,5 de Noviembre de 2022,4,19,22,36,43,10,78,https://www.baloto.com/resultados-baloto/2239
REVANCHA,2239,5 de Noviembre de 2022,1,8,17,20,30,9,78,https://www.baloto.com/resultados-revancha/2239
BALOTO,2238,2 de Noviembre de 2022,20,28,30,31,36,8,78,https://www.baloto.com/resultados-baloto/2238
REVANCHA,2238,2 de Noviembre de 2022,5,15,19,33,43,8,78,https://www.baloto.com/resultados-revancha/2238
BALOTO,2237,29 de Octubre de 2022,2,10,13,32,42,1,79,https://www.baloto.com/resultados-baloto/2237
REVANCHA,2237,29 de Octubre de 2022,5,9,11,20,30,4,79,https://www.baloto.com/resultados-revancha/2237
BALOTO,2236,26 de Octubre de 2022,9,12,16,17,21,14,79,https://www.baloto.com/resultados-baloto/2236
REVANCHA,2236,26 de Octubre de 2022,18,32,33,40,41,10,79,https://www.baloto.com/resultados-revancha/2236
BALOTO,2235,22 de Octubre de 2022,2,4,6,9,25,13,79,https://www.baloto.com/resultados-baloto/2235
REVANCHA,2235,22 de Octubre de 2022,2,5,14,30,36,12,79,https://www.baloto.com/resultados-revancha/2235
BALOTO,2234,19 de Octubre de 2022,5,8,20,24,37,4,79,https://www.baloto.com/resultados-baloto/2234
REVANCHA,2234,19 de Octubre de 2022,1,7,20,36,39,14,79,https://www.baloto.com/resultados-revancha/2234
BALOTO,2233,15 de Octubre de 2022,9,21,24,39,40,12,79,https://www.baloto.com/resultados-baloto/2233
REVANCHA,2233,15 de Octubre de 2022,3,14,35,36,37,8,79,https://www.baloto.com/resultados-revancha/2233
BALOTO,2232,12 de Octubre de 2022,12,21,25,37,41,3,80,https://www.baloto.com/resultados-baloto/2232
REVANCHA,2232,12 de Octubre de 2022,12,24,33,34,36,3,80,https://www.baloto.com/resultados-revancha/2232
BALOTO,2231,8 de Octubre de 2022,1,3,15,19,29,13,80,https://www.baloto.com/resultados-baloto/2231
REVANCHA,2231,8 de Octubre de 2022,10,17,31,36,41,14,80,https://www.baloto.com/resultados-revancha/2231
BALOTO,2230,5 de Octubre de 2022,1,3,8,31,35,16,80,https://www.baloto.com/resultados-baloto/2230
REVANCHA,2230,5 de Octubre de 2022,5,16,23,34,43,16,80,https://www.baloto.com/resultados-revancha/2230
BALOTO,2229,1 de Octubre de 2022,3,5,28,37,42,15,80,https://www.baloto.com/resultados-baloto/2229
REVANCHA,2229,1 de Octubre de 2022,3,5,15,22,42,2,80,https://www.baloto.com/resultados-revancha/2229
BALOTO,2228,28 de Septiembre de 2022,2,4,12,21,33,2,80,https://www.baloto.com/resultados-baloto/2228
REVANCHA,2228,28 de Septiembre de 2022,6,17,36,37,38,11,80,https://www.baloto.com/resultados-revancha/2228
BALOTO,2227,24 de Septiembre de 2022,5,8,19,30,33,1,81,https://www.baloto.com/resultados-baloto/2227
REVANCHA,2227,24 de Septiembre de 2022,11,16,32,34,37,5,81,https://www.baloto.com/resultados-revancha/2227
BALOTO,2226,21 de Septiembre de 2022,2,4,20,21,35,3,81,https://www.baloto.com/resultados-baloto/2226
REVANCHA,2226,21 de Septiembre de 2022,3,6,7,26,42,11,81,https://www.baloto.com/resultados-revancha/2226
BALOTO,2225,17 de Septiembre de 2022,3,25,30,33,34,1,81,https://www.baloto.com/resultados-baloto/2225
REVANCHA,2225,17 de Septiembre de 2022,9,10,18,29,32,4,81,https://www.baloto.com/resultados-revancha/2225
BALOTO,2224,14 de Septiembre de 2022,7,13,19,32,42,7,81,https://www.baloto.com/resultados-baloto/2224
REVANCHA,2224,14 de Septiembre de 2022,6,8,20,34,41,8,81,https://www.baloto.com/resultados-revancha/2224
BALOTO,2223,10 de Septiembre de 2022,3,9,10,19,35,8,81,https://www.baloto.com/resultados-baloto/2223
REVANCHA,2223,10 de Septiembre de 2022,12,18,32,34,43,4,81,https://www.baloto.com/resultados-revancha/2223
BALOTO,2222,7 de Septiembre de 2022,14,15,17,23,39,6,82,https://www.baloto.com/resultados-baloto/2222
REVANCHA,2222,7 de Septiembre de 2022,1,12,15,22,33,16,82,https://www.baloto.com/resultados-revancha/2222
BALOTO,2221,3 de Septiembre de 2022,2,5,23,27,36,12,82,https://www.baloto.com/resultados-baloto/2221
REVANCHA,2221,3 de Septiembre de 2022,4,9,26,33,41,3,82,https://www.baloto.com/resultados-revancha/2221
BALOTO,2220,31 de Agosto de 2022,15,16,26,34,39,6,82,https://www.baloto.com/resultados-baloto/2220
REVANCHA,2220,31 de Agosto de 2022,4,12,17,19,42,14,82,https://www.baloto.com/resultados-revancha/2220
BALOTO,2219,27 de Agosto de 2022,1,13,16,22,25,8,82,https://www.baloto.com/resultados-baloto/2219
REVANCHA,2219,27 de Agosto de 2022,1,26,27,35,43,11,82,https://www.baloto.com/resultados-revancha/2219
BALOTO,2218,24 de Agosto de 2022,14,18,21,26,36,7,82,https://www.baloto.com/resultados-baloto/2218
REVANCHA,2218,24 de Agosto de 2022,2,6,24,32,40,5,82,https://www.baloto.com/resultados-revancha/2218
BALOTO,2217,20 de Agosto de 2022,12,14,15,20,43,10,83,https://www.baloto.com/resultados-baloto/2217
REVANCHA,2217,20 de Agosto de 2022,1,6,34,37,39,4,83,https://www.baloto.com/resultados-revancha/2217
BALOTO,2216,17 de Agosto de 2022,3,8,15,22,33,13,83,https://www.baloto.com/resultados-baloto/2216
REVANCHA,2216,17 de Agosto de 2022,3,7,20,31,35,7,83,https://www.baloto.com/resultados-revancha/2216
BALOTO,2215,13 de Agosto de 2022,5,6,18,19,24,9,83,https://www.baloto.com/resultados-baloto/2215
REVANCHA,2215,13 de Agosto de 2022,1,8,10,22,25,4,83,https://www.baloto.com/resultados-revancha/2215
BALOTO,2214,10 de Agosto de 2022,1,14,15,22,36,11,83,https://www.baloto.com/resultados-baloto/2214
REVANCHA,2214,10 de Agosto de 2022,13,14,15,33,40,16,83,https://www.baloto.com/resultados-revancha/2214
BALOTO,2213,6 de Agosto de 2022,6,13,33,35,41,11,83,https://www.baloto.com/resultados-baloto/2213
REVANCHA,2213,6 de Agosto de 2022,4,8,17,39,40,14,83,https://www.baloto.com/resultados-revancha/2213
BALOTO,2212,3 de Agosto de 2022,6,8,13,32,43,15,84,https://www.baloto.com/resultados-baloto/2212
REVANCHA,2212,3 de Agosto de 2022,6,28,33,34,38,12,84,https://www.baloto.com/resultados-revancha/2212
BALOTO,2211,30 de Julio de 2022,4,14,19,25,31,15,84,https://www.baloto.com/resultados-baloto/2211
REVANCHA,2211,30 de Julio de 2022,16,17,22,26,36,15,84,https://www.baloto.com/resultados-revancha/2211
BALOTO,2210,27 de Julio de 2022,2,20,26,30,43,11,84,https://www.baloto.com/resultados-baloto/2210
REVANCHA,2210,27 de Julio de 2022,7,9,10,11,29,13,84,https://www.baloto.com/resultados-revancha/2210
BALOTO,2209,23 de Julio de 2022,2,8,11,19,26,6,84,https://www.baloto.com/resultados-baloto/2209
REVANCHA,2209,23 de Julio de 2022,20,30,31,33,39,10,84,https://www.baloto.com/resultados-revancha/2209
BALOTO,2208,20 de Julio de 2022,3,11,29,39,40,13,84,https://www.baloto.com/resultados-baloto/2208
REVANCHA,2208,20 de Julio de 2022,7,8,13,18,37,12,84,https://www.baloto.com/resultados-revancha/2208
BALOTO,2207,16 de Julio de 2022,7,9,11,28,34,5,85,https://www.baloto.com/resultados-baloto/2207
REVANCHA,2207,16 de Julio de 2022,3,4,6,18,36,15,85,https://www.baloto.com/resultados-revancha/2207
BALOTO,2206,13 de Julio de 2022,16,23,31,39,43,9,85,https://www.baloto.com/resultados-baloto/2206
REVANCHA,2206,13 de Julio de 2022,6,12,13,15,38,16,85,https://www.baloto.com/resultados-revancha/2206
BALOTO,2205,9 de Julio de 2022,1,8,21,29,35,6,85,https://www.baloto.com/resultados-baloto/2205
REVANCHA,2205,9 de Julio de 2022,4,15,27,30,35,7,85,https://www.baloto.com/resultados-revancha/2205
BALOTO,2204,6 de Julio de 2022,1,8,12,13,42,5,85,https://www.baloto.com/resultados-baloto/2204
REVANCHA,2204,6 de Julio de 2022,22,31,35,40,42,2,85,https://www.baloto.com/resultados-revancha/2204
BALOTO,2203,2 de Julio de 2022,7,8,11,12,38,5,85,https://www.baloto.com/resultados-baloto/2203
REVANCHA,2203,2 de Julio de 2022,2,9,16,31,34,5,85,https://www.baloto.com/resultados-revancha/2203
BALOTO,2202,29 de Junio de 2022,9,24,29,30,32,14,86,https://www.baloto.com/resultados-baloto/2202
REVANCHA,2202,29 de Junio de 2022,8,11,12,29,41,14,86,https://www.baloto.com/resultados-revancha/2202
BALOTO,2201,25 de Junio de 2022,7,9,14,28,39,9,86,https://www.baloto.com/resultados-baloto/2201
REVANCHA,2201,25 de Junio de 2022,2,10,15,22,25,3,86,https://www.baloto.com/resultados-revancha/2201
BALOTO,2200,22 de Junio de 2022,16,28,30,32,39,11,86,https://www.baloto.com/resultados-baloto/2200
REVANCHA,2200,22 de Junio de 2022,5,14,20,30,31,8,86,https://www.baloto.com/resultados-revancha/2200
BALOTO,2199,18 de Junio de 2022,1,14,18,19,26,10,86,https://www.baloto.com/resultados-baloto/2199
REVANCHA,2199,18 de Junio de 2022,3,7,15,19,43,1,86,https://www.baloto.com/resultados-revancha/2199
BALOTO,2198,15 de Junio de 2022,1,7,12,32,43,1,86,https://www.baloto.com/resultados-baloto/2198
REVANCHA,2198,15 de Junio de 2022,14,16,27,34,41,14,86,https://www.baloto.com/resultados-revancha/2198
BALOTO,2197,11 de Junio de 2022,22,24,28,31,43,4,87,https://www.baloto.com/resultados-baloto/2197
REVANCHA,2197,11 de Junio de 2022,1,6,16,31,37,13,87,https://www.baloto.com/resultados-revancha/2197
BALOTO,2196,8 de Junio de 2022,5,6,17,22,31,10,87,https://www.baloto.com/resultados-baloto/2196
REVANCHA,2196,8 de Junio de 2022,12,22,28,42,43,9,87,https://www.baloto.com/resultados-revancha/2196
BALOTO,2195,4 de Junio de 2022,20,24,32,35,37,5,87,https://www.baloto.com/resultados-baloto/2195
REVANCHA,2195,4 de Junio de 2022,3,7,10,26,31,8,87,https://www.baloto.com/resultados-revancha/2195
BALOTO,2194,1 de Junio de 2022,13,17,25,26,35,4,87,https://www.baloto.com/resultados-baloto/2194
REVANCHA,2194,1 de Junio de 2022,10,17,18,25,28,16,87,https://www.baloto.com/resultados-revancha/2194
BALOTO,2193,28 de Mayo de 2022,6,20,25,29,41,4,87,https://www.baloto.com/resultados-baloto/2193
REVANCHA,2193,28 de Mayo de 2022,6,29,33,40,42,12,87,https://www.baloto.com/resultados-revancha/2193
BALOTO,2192,25 de Mayo de 2022,5,10,14,37,40,6,88,https://www.baloto.com/resultados-baloto/2192
REVANCHA,2192,25 de Mayo de 2022,1,8,21,28,36,5,88,https://www.baloto.com/resultados-revancha/2192
BALOTO,2191,21 de Mayo de 2022,13,19,21,25,36,12,88,https://www.baloto.com/resultados-baloto/2191
REVANCHA,2191,21 de Mayo de 2022,23,26,27,31,42,4,88,https://www.baloto.com/resultados-revancha/2191
BALOTO,2190,18 de Mayo de 2022,15,20,27,38,42,3,88,https://www.baloto.com/resultados-baloto/2190
REVANCHA,2190,18 de Mayo de 2022,22,23,28,32,38,5,88,https://www.baloto.com/resultados-revancha/2190
BALOTO,2189,14 de Mayo de 2022,5,7,20,26,33,14,88,https://www.baloto.com/resultados-baloto/2189
REVANCHA,2189,14 de Mayo de 2022,4,12,14,28,38,10,88,https://www.baloto.com/resultados-revancha/2189
BALOTO,2188,11 de Mayo de 2022,21,26,27,30,31,2,88,https://www.baloto.com/resultados-baloto/2188
REVANCHA,2188,11 de Mayo de 2022,5,11,22,23,24,15,88,https://www.baloto.com/resultados-revancha/2188
BALOTO,2187,7 de Mayo de 2022,4,18,30,41,43,11,89,https://www.baloto.com/resultados-baloto/2187
REVANCHA,2187,7 de Mayo de 2022,2,6,11,19,22,16,89,https://www.baloto.com/resultados-revancha/2187
BALOTO,2186,4 de Mayo de 2022,14,27,34,38,40,14,89,https://www.baloto.com/resultados-baloto/2186
REVANCHA,2186,4 de Mayo de 2022,3,10,11,19,41,15,89,https://www.baloto.com/resultados-revancha/2186
BALOTO,2185,30 de Abril de 2022,3,5,10,30,40,8,89,https://www.baloto.com/resultados-baloto/2185
REVANCHA,2185,30 de Abril de 2022,12,19,24,34,35,10,89,https://www.baloto.com/resultados-revancha/2185
BALOTO,2184,27 de Abril de 2022,4,9,20,25,43,14,89,https://www.baloto.com/resultados-baloto/2184
REVANCHA,2184,27 de Abril de 2022,6,7,15,17,31,12,89,https://www.baloto.com/resultados-revancha/2184
BALOTO,2183,23 de Abril de 2022,6,16,28,39,40,2,89,https://www.baloto.com/resultados-baloto/2183
REVANCHA,2183,23 de Abril de 2022,3,23,29,30,38,3,89,https://www.baloto.com/resultados-revancha/2183
BALOTO,2182,20 de Abril de 2022,13,16,35,38,42,3,90,https://www.baloto.com/resultados-baloto/2182
REVANCHA,2182,20 de Abril de 2022,5,12,18,32,36,12,90,https://www.baloto.com/resultados-revancha/2182
BALOTO,2181,16 de Abril de 2022,1,5,8,17,30,15,90,https://www.baloto.com/resultados-baloto/2181
REVANCHA,2181,16 de Abril de 2022,13,14,27,28,39,13,90,https://www.baloto.com/resultados-revancha/2181
BALOTO,2180,13 de Abril de 2022,7,9,16,23,28,12,90,https://www.baloto.com/resultados-baloto/2180
REVANCHA,2180,13 de Abril de 2022,7,10,13,28,31,2,90,https://www.baloto.com/resultados-revancha/2180
BALOTO,2179,9 de Abril de 2022,20,27,31,34,41,9,90,https://www.baloto.com/resultados-baloto/2179
REVANCHA,2179,9 de Abril de 2022,1,15,27,30,43,3,90,https://www.baloto.com/resultados-revancha/2179
BALOTO,2178,6 de Abril de 2022,11,24,33,42,43,15,90,https://www.baloto.com/resultados-baloto/2178
REVANCHA,2178,6 de Abril de 2022,4,14,28,32,35,15,90,https://www.baloto.com/resultados-revancha/2178
BALOTO,2177,2 de Abril de 2022,3,7,8,18,38,7,91,https://www.baloto.com/resultados-baloto/2177
REVANCHA,2177,2 de Abril de 2022,13,28,33,37,43,14,91,https://www.baloto.com/resultados-revancha/2177
BALOTO,2176,30 de Marzo de 2022,4,6,16,36,37,14,91,https://www.baloto.com/resultados-baloto/2176
REVANCHA,2176,30 de Marzo de 2022,22,29,30,33,40,3,91,https://www.baloto.com/resultados-revancha/2176
BALOTO,2175,26 de Marzo de 2022,19,23,33,34,40,5,91,https://www.baloto.com/resultados-baloto/2175
REVANCHA,2175,26 de Marzo de 2022,5,19,24,34,39,13,91,https://www.baloto.com/resultados-revancha/2175
BALOTO,2174,23 de Marzo de 2022,3,9,37,40,42,11,91,https://www.baloto.com/resultados-baloto/2174
REVANCHA,2174,23 de Marzo de 2022,16,18,28,30,34,1,91,https://www.baloto.com/resultados-revancha/2174
BALOTO,2173,19 de Marzo de 2022,9,27,36,39,43,8,91,https://www.baloto.com/resultados-baloto/2173
REVANCHA,2173,19 de Marzo de 2022,23,28,31,33,38,4,91,https://www.baloto.com/resultados-revancha/2173
BALOTO,2172,16 de Marzo de 2022,1,11,31,33,36,7,92,https://www.baloto.com/resultados-baloto/2172
REVANCHA,2172,16 de Marzo de 2022,2,13,16,34,38,16,92,https://www.baloto.com/resultados-revancha/2172
BALOTO,2171,12 de Marzo de 2022,1,4,10,16,25,15,92,https://www.baloto.com/resultados-baloto/2171
REVANCHA,2171,12 de Marzo de 2022,2,3,7,24,34,3,92,https://www.baloto.com/resultados-revancha/2171
BALOTO,2170,9 de Marzo de 2022,17,18,19,27,37,14,92,https://www.baloto.com/resultados-baloto/2170
REVANCHA,2170,9 de Marzo de 2022,7,9,21,32,35,7,92,https://www.baloto.com/resultados-revancha/2170
BALOTO,2169,5 de Marzo de 2022,1,4,5,29,33,11,92,https://www.baloto.com/resultados-baloto/2169
REVANCHA,2169,5 de Marzo de 2022,5,12,18,21,22,2,92,https://www.baloto.com/resultados-revancha/2169
BALOTO,2168,2 de Marzo de 2022,15,20,26,37,40,13,92,https://www.baloto.com/resultados-baloto/2168
REVANCHA,2168,2 de Marzo de 2022,3,4,9,19,26,15,92,https://www.baloto.com/resultados-revancha/2168
BALOTO,2167,26 de Febrero de 2022,3,8,25,36,38,10,93,https://www.baloto.com/resultados-baloto/2167
REVANCHA,2167,26 de Febrero de 2022,29,32,33,39,43,1,93,https://www.baloto.com/resultados-revancha/2167
BALOTO,2166,23 de Febrero de 2022,7,13,36,38,42,9,93,https://www.baloto.com/resultados-baloto/2166
REVANCHA,2166,23 de Febrero de 2022,17,20,23,32,40,2,93,https://www.baloto.com/resultados-revancha/2166
BALOTO,2165,19 de Febrero de 2022,3,22,27,31,32,10,93,https://www.baloto.com/resultados-baloto/2165
REVANCHA,2165,19 de Febrero de 2022,7,17,33,35,41,9,93,https://www.baloto.com/resultados-revancha/2165
BALOTO,2164,16 de Febrero de 2022,14,18,24,37,43,15,93,https://www.baloto.com/resultados-baloto/2164
REVANCHA,2164,16 de Febrero de 2022,5,8,9,21,42,8,93,https://www.baloto.com/resultados-revancha/2164
BALOTO,2163,12 de Febrero de 2022,1,7,22,28,38,6,93,https://www.baloto.com/resultados-baloto/2163
REVANCHA,2163,12 de Febrero de 2022,1,12,13,33,36,3,93,https://www.baloto.com/resultados-revancha/2163
BALOTO,2162,9 de Febrero de 2022,1,6,24,33,43,8,94,https://www.baloto.com/resultados-baloto/2162
REVANCHA,2162,9 de Febrero de 2022,2,3,8,15,33,6,94,https://www.baloto.com/resultados-revancha/2162
BALOTO,2161,5 de Febrero de 2022,5,9,27,38,42,1,94,https://www.baloto.com/resultados-baloto/2161
REVANCHA,2161,5 de Febrero de 2022,2,11,12,24,43,12,94,https://www.baloto.com/resultados-revancha/2161
BALOTO,2160,2 de Febrero de 2022,3,9,22,23,36,2,94,https://www.baloto.com/resultados-baloto/2160
REVANCHA,2160,2 de Febrero de 2022,3,14,15,19,31,7,94,https://www.baloto.com/resultados-revancha/2160
BALOTO,2159,29 de Enero de 2022,8,18,19,22,32,1,94,https://www.baloto.com/resultados-baloto/2159
REVANCHA,2159,29 de Enero de 2022,18,24,29,40,41,5,94,https://www.baloto.com/resultados-revancha/2159
BALOTO,2158,26 de Enero de 2022,12,15,28,35,38,1,94,https://www.baloto.com/resultados-baloto/2158
REVANCHA,2158,26 de Enero de 2022,22,24,31,33,34,13,94,https://www.baloto.com/resultados-revancha/2158
BALOTO,2157,22 de Enero de 2022,1,5,13,27,30,7,95,https://www.baloto.com/resultados-baloto/2157
REVANCHA,2157,22 de Enero de 2022,12,14,35,38,40,1,95,https://www.baloto.com/resultados-revancha/2157
BALOTO,2156,19 de Enero de 2022,14,17,24,25,41,1,95,https://www.baloto.com/resultados-baloto/2156
REVANCHA,2156,19 de Enero de 2022,22,24,34,38,43,6,95,https://www.baloto.com/resultados-revancha/2156
BALOTO,2155,15 de Enero de 2022,4,13,20,27,42,1,95,https://www.baloto.com/resultados-baloto/2155
REVANCHA,2155,15 de Enero de 2022,1,5,9,21,24,10,95,https://www.baloto.com/resultados-revancha/2155
BALOTO,2154,12 de Enero de 2022,1,2,11,34,41,10,95,https://www.baloto.com/resultados-baloto/2154
REVANCHA,2154,12 de Enero de 2022,2,12,17,30,32,1,95,https://www.baloto.com/resultados-revancha/2154
BALOTO,2153,8 de Enero de 2022,8,11,30,31,38,7,95,https://www.baloto.com/resultados-baloto/2153
REVANCHA,2153,8 de Enero de 2022,9,16,18,21,27,5,95,https://www.baloto.com/resultados-revancha/2153
BALOTO,2152,5 de Enero de 2022,10,33,36,40,43,16,96,https://www.baloto.com/resultados-baloto/2152
REVANCHA,2152,5 de Enero de 2022,20,21,38,40,43,5,96,https://www.baloto.com/resultados-revancha/2152
BALOTO,2151,1 de Enero de 2022,17,19,20,21,26,13,96,https://www.baloto.com/resultados-baloto/2151
REVANCHA,2151,1 de Enero de 2022,2,8,21,38,43,7,96,https://www.baloto.com/resultados-revancha/2151
BALOTO,2150,29 de Diciembre de 2021,8,24,34,38,42,11,96,https://www.baloto.com/resultados-baloto/2150
REVANCHA,2150,29 de Diciembre de 2021,16,17,24,26,28,4,96,https://www.baloto.com/resultados-revancha/2150
BALOTO,2149,25 de Diciembre de 2021,2,5,16,24,39,15,96,https://www.baloto.com/resultados-baloto/2149
REVANCHA,2149,25 de Diciembre de 2021,14,15,26,28,40,14,96,https://www.baloto.com/resultados-revancha/2149
BALOTO,2148,22 de Diciembre de 2021,5,11,29,30,43,14,96,https://www.baloto.com/resultados-baloto/2148
REVANCHA,2148,22 de Diciembre de 2021,5,20,35,38,43,2,96,https://www.baloto.com/resultados-revancha/2148
BALOTO,2147,18 de Diciembre de 2021,2,18,22,24,28,4,97,https://www.baloto.com/resultados-baloto/2147
REVANCHA,2147,18 de Diciembre de 2021,3,16,22,26,40,12,97,https://www.baloto.com/resultados-revancha/2147
BALOTO,2146,15 de Diciembre de 2021,1,15,20,31,35,15,97,https://www.baloto.com/resultados-baloto/2146
REVANCHA,2146,15 de Diciembre de 2021,7,25,34,42,43,2,97,https://www.baloto.com/resultados-revancha/2146
BALOTO,2145,11 de Diciembre de 2021,2,8,20,35,38,3,97,https://www.baloto.com/resultados-baloto/2145
REVANCHA,2145,11 de Diciembre de 2021,9,16,19,29,39,1,97,https://www.baloto.com/resultados-revancha/2145
BALOTO,2144,8 de Diciembre de 2021,1,4,6,12,22,10,97,https://www.baloto.com/resultados-baloto/2144
REVANCHA,2144,8 de Diciembre de 2021,9,25,33,35,40,7,97,https://www.baloto.com/resultados-revancha/2144
BALOTO,2143,4 de Diciembre de 2021,9,11,22,26,42,15,97,https://www.baloto.com/resultados-baloto/2143
REVANCHA,2143,4 de Diciembre de 2021,25,27,31,42,43,14,97,https://www.baloto.com/resultados-revancha/2143
BALOTO,2142,1 de Diciembre de 2021,13,15,16,24,43,13,98,https://www.baloto.com/resultados-baloto/2142
REVANCHA,2142,1 de Diciembre de 2021,9,11,15,20,35,2,98,https://www.baloto.com/resultados-revancha/2142
BALOTO,2141,27 de Noviembre de 2021,9,13,24,29,38,9,98,https://www.baloto.com/resultados-baloto/2141
REVANCHA,2141,27 de Noviembre de 2021,6,20,24,30,40,16,98,https://www.baloto.com/resultados-revancha/2141
BALOTO,2140,24 de Noviembre de 2021,17,25,29,34,36,12,98,https://www.baloto.com/resultados-baloto/2140
REVANCHA,2140,24 de Noviembre de 2021,4,7,19,33,39,8,98,https://www.baloto.com/resultados-revancha/2140
BALOTO,2139,20 de Noviembre de 2021,12,15,22,26,28,7,98,https://www.baloto.com/resultados-baloto/2139
REVANCHA,2139,20 de Noviembre de 2021,1,4,12,13,33,13,98,https://www.baloto.com/resultados-revancha/2139
BALOTO,2138,17 de Noviembre de 2021,6,7,9,18,35,6,98,https://www.baloto.com/resultados-baloto/2138
REVANCHA,2138,17 de Noviembre de 2021,1,11,22,32,33,12,98,https://www.baloto.com/resultados-revancha/2138
BALOTO,2137,13 de Noviembre de 2021,1,6,16,22,31,16,99,https://www.baloto.com/resultados-baloto/2137
REVANCHA,2137,13 de Noviembre de 2021,11,12,28,29,32,13,99,https://www.baloto.com/resultados-revancha/2137
BALOTO,2136,10 de Noviembre de 2021,18,35,37,39,42,13,99,https://www.baloto.com/resultados-baloto/2136
REVANCHA,2136,10 de Noviembre de 2021,5,7,23,34,43,11,99,https://www.baloto.com/resultados-revancha/2136
BALOTO,2135,6 de Noviembre de 2021,4,5,29,37,42,13,99,https://www.baloto.com/resultados-baloto/2135
REVANCHA,2135,6 de Noviembre de 2021,3,19,26,32,43,11,99,https://www.baloto.com/resultados-revancha/2135
BALOTO,2134,3 de Noviembre de 2021,7,13,17,21,36,1,99,https://www.baloto.com/resultados-baloto/2134
REVANCHA,2134,3 de Noviembre de 2021,4,12,35,39,43,14,99,https://www.baloto.com/resultados-revancha/2134
BALOTO,2133,30 de Octubre de 2021,17,19,21,24,40,11,99,https://www.baloto.com/resultados-baloto/2133
REVANCHA,2133,30 de Octubre de 2021,12,19,31,42,43,2,99,https://www.baloto.com/resultados-revancha/2133
BALOTO,2132,27 de Octubre de 2021,12,14,18,28,40,8,100,https://www.baloto.com/resultados-baloto/2132
REVANCHA,2132,27 de Octubre de 2021,6,9,16,17,26,6,100,https://www.baloto.com/resultados-revancha/2132
BALOTO,2131,23 de Octubre de 2021,2,5,7,20,34,14,100,https://www.baloto.com/resultados-baloto/2131
REVANCHA,2131,23 de Octubre de 2021,1,2,18,19,23,7,100,https://www.baloto.com/resultados-revancha/2131
BALOTO,2130,20 de Octubre de 2021,11,14,15,22,25,16,100,https://www.baloto.com/resultados-baloto/2130
REVANCHA,2130,20 de Octubre de 2021,13,14,18,21,39,13,100,https://www.baloto.com/resultados-revancha/2130
BALOTO,2129,16 de Octubre de 2021,2,8,11,13,22,15,100,https://www.baloto.com/resultados-baloto/2129
REVANCHA,2129,16 de Octubre de 2021,6,10,25,26,27,6,100,https://www.baloto.com/resultados-revancha/2129
BALOTO,2128,13 de Octubre de 2021,1,2,11,15,33,12,100,https://www.baloto.com/resultados-baloto/2128
REVANCHA,2128,13 de Octubre de 2021,2,10,15,22,25,6,100,https://www.baloto.com/resultados-revancha/2128
BALOTO,2127,9 de Octubre de 2021,5,15,27,34,35,4,101,https://www.baloto.com/resultados-baloto/2127
REVANCHA,2127,9 de Octubre de 2021,4,8,12,27,41,6,101,https://www.baloto.com/resultados-revancha/2127
BALOTO,2126,6 de Octubre de 2021,5,20,22,32,35,16,101,https://www.baloto.com/resultados-baloto/2126
REVANCHA,2126,6 de Octubre de 2021,10,20,25,30,36,16,101,https://www.baloto.com/resultados-revancha/2126
BALOTO,2125,2 de Octubre de 2021,1,16,24,36,42,11,101,https://www.baloto.com/resultados-baloto/2125
REVANCHA,2125,2 de Octubre de 2021,19,30,38,39,41,1,101,https://www.baloto.com/resultados-revancha/2125
BALOTO,2124,29 de Septiembre de 2021,20,28,35,37,39,3,101,https://www.baloto.com/resultados-baloto/2124
REVANCHA,2124,29 de Septiembre de 2021,4,9,13,18,25,9,101,https://www.baloto.com/resultados-revancha/2124
BALOTO,2123,25 de Septiembre de 2021,9,17,39,41,43,1,101,https://www.baloto.com/resultados-baloto/2123
REVANCHA,2123,25 de Septiembre de 2021,6,7,23,36,43,10,101,https://www.baloto.com/resultados-revancha/2123
BALOTO,2122,22 de Septiembre de 2021,14,19,40,41,43,2,102,https://www.baloto.com/resultados-baloto/2122
REVANCHA,2122,22 de Septiembre de 2021,8,23,27,33,42,9,102,https://www.baloto.com/resultados-revancha/2122
BALOTO,2121,18 de Septiembre de 2021,2,10,11,18,23,10,102,https://www.baloto.com/resultados-baloto/2121
REVANCHA,2121,18 de Septiembre de 2021,12,24,34,37,40,8,102,https://www.baloto.com/resultados-revancha/2121
BALOTO,2120,15 de Septiembre de 2021,15,20,34,35,38,13,102,https://www.baloto.com/resultados-baloto/2120
REVANCHA,2120,15 de Septiembre de 2021,4,22,28,35,37,16,102,https://www.baloto.com/resultados-revancha/2120
BALOTO,2119,11 de Septiembre de 2021,8,9,25,32,41,1,102,https://www.baloto.com/resultados-baloto/2119
REVANCHA,2119,11 de Septiembre de 2021,7,12,27,35,41,8,102,https://www.baloto.com/resultados-revancha/2119
BALOTO,2118,8 de Septiembre de 2021,8,14,25,31,34,6,102,https://www.baloto.com/resultados-baloto/2118
REVANCHA,2118,8 de Septiembre de 2021,11,19,28,32,36,6,102,https://www.baloto.com/resultados-revancha/2118
BALOTO,2117,4 de Septiembre de 2021,22,30,31,34,41,16,103,https://www.baloto.com/resultados-baloto/2117
REVANCHA,2117,4 de Septiembre de 2021,8,15,30,36,41,14,103,https://www.baloto.com/resultados-revancha/2117
BALOTO,2116,1 de Septiembre de 2021,1,7,9,31,40,13,103,https://www.baloto.com/resultados-baloto/2116
REVANCHA,2116,1 de Septiembre de 2021,7,12,20,23,32,1,103,https://www.baloto.com/resultados-revancha/2116
BALOTO,2115,28 de Agosto de 2021,8,18,21,30,43,5,103,https://www.baloto.com/resultados-baloto/2115
REVANCHA,2115,28 de Agosto de 2021,3,20,27,40,43,1,103,https://www.baloto.com/resultados-revancha/2115
BALOTO,2114,25 de Agosto de 2021,7,18,20,22,34,11,103,https://www.baloto.com/resultados-baloto/2114
REVANCHA,2114,25 de Agosto de 2021,3,7,9,17,39,8,103,https://www.baloto.com/resultados-revancha/2114
BALOTO,2113,21 de Agosto de 2021,12,14,18,37,40,2,103,https://www.baloto.com/resultados-baloto/2113
REVANCHA,2113,21 de Agosto de 2021,8,13,22,24,30,10,103,https://www.baloto.com/resultados-revancha/2113
BALOTO,2112,18 de Agosto de 2021,8,12,15,31,38,14,104,https://www.baloto.com/resultados-baloto/2112
REVANCHA,2112,18 de Agosto de 2021,6,9,19,37,39,15,104,https://www.baloto.com/resultados-revancha/2112
BALOTO,2111,14 de Agosto de 2021,10,14,32,35,42,13,104,https://www.baloto.com/resultados-baloto/2111
REVANCHA,2111,14 de Agosto de 2021,15,21,31,32,33,6,104,https://www.baloto.com/resultados-revancha/2111
BALOTO,2110,11 de Agosto de 2021,2,9,24,26,42,5,104,https://www.baloto.com/resultados-baloto/2110
REVANCHA,2110,11 de Agosto de 2021,3,11,22,27,39,2,104,https://www.baloto.com/resultados-revancha/2110
BALOTO,2109,7 de Agosto de 2021,14,18,20,39,41,5,104,https://www.baloto.com/resultados-baloto/2109
REVANCHA,2109,7 de Agosto de 2021,1,6,21,34,40,7,104,https://www.baloto.com/resultados-revancha/2109
BALOTO,2108,4 de Agosto de 2021,6,10,15,33,42,16,104,https://www.baloto.com/resultados-baloto/2108
REVANCHA,2108,4 de Agosto de 2021,1,8,19,29,40,7,104,https://www.baloto.com/resultados-revancha/2108
BALOTO,2107,31 de Julio de 2021,1,27,28,34,37,11,105,https://www.baloto.com/resultados-baloto/2107
REVANCHA,2107,31 de Julio de 2021,2,9,17,24,25,8,105,https://www.baloto.com/resultados-revancha/2107
BALOTO,2106,28 de Julio de 2021,6,22,28,32,36,2,105,https://www.baloto.com/resultados-baloto/2106
REVANCHA,2106,28 de Julio de 2021,8,19,28,36,40,14,105,https://www.baloto.com/resultados-revancha/2106
BALOTO,2105,24 de Julio de 2021,21,22,29,30,38,11,105,https://www.baloto.com/resultados-baloto/2105
REVANCHA,2105,24 de Julio de 2021,3,13,16,36,40,5,105,https://www.baloto.com/resultados-revancha/2105
BALOTO,2104,21 de Julio de 2021,7,9,15,16,26,11,105,https://www.baloto.com/resultados-baloto/2104
REVANCHA,2104,21 de Julio de 2021,3,7,23,35,36,10,105,https://www.baloto.com/resultados-revancha/2104
BALOTO,2103,17 de Julio de 2021,14,18,20,32,33,4,105,https://www.baloto.com/resultados-baloto/2103
REVANCHA,2103,17 de Julio de 2021,15,16,24,26,40,9,105,https://www.baloto.com/resultados-revancha/2103
BALOTO,2102,14 de Julio de 2021,7,8,18,34,42,8,106,https://www.baloto.com/resultados-baloto/2102
REVANCHA,2102,14 de Julio de 2021,20,24,27,29,36,1,106,https://www.baloto.com/resultados-revancha/2102
BALOTO,2101,10 de Julio de 2021,8,15,30,35,36,3,106,https://www.baloto.com/resultados-baloto/2101
REVANCHA,2101,10 de Julio de 2021,3,5,25,27,36,14,106,https://www.baloto.com/resultados-revancha/2101
BALOTO,2100,7 de Julio de 2021,5,9,16,29,42,11,106,https://www.baloto.com/resultados-baloto/2100
REVANCHA,2100,7 de Julio de 2021,5,17,21,26,31,7,106,https://www.baloto.com/resultados-revancha/2100
BALOTO,2099,3 de Julio de 2021,21,22,23,33,41,8,106,https://www.baloto.com/resultados-baloto/2099
REVANCHA,2099,3 de Julio de 2021,1,9,13,22,29,14,106,https://www.baloto.com/resultados-revancha/2099
BALOTO,2098,30 de Junio de 2021,26,29,39,42,43,4,106,https://www.baloto.com/resultados-baloto/2098
REVANCHA,2098,30 de Junio de 2021,23,28,35,37,38,15,106,https://www.baloto.com/resultados-revancha/2098
BALOTO,2097,26 de Junio de 2021,6,21,22,34,36,10,107,https://www.baloto.com/resultados-baloto/2097
REVANCHA,2097,26 de Junio de 2021,4,14,31,32,43,16,107,https://www.baloto.com/resultados-revancha/2097
BALOTO,2096,23 de Junio de 2021,6,19,20,37,38,10,107,https://www.baloto.com/resultados-baloto/2096
REVANCHA,2096,23 de Junio de 2021,15,16,17,39,41,9,107,https://www.baloto.com/resultados-revancha/2096
BALOTO,2095,19 de Junio de 2021,1,5,8,14,40,8,107,https://www.baloto.com/resultados-baloto/2095
REVANCHA,2095,19 de Junio de 2021,5,8,14,26,33,3,107,https://www.baloto.com/resultados-revancha/2095
BALOTO,2094,16 de Junio de 2021,7,8,21,30,42,2,107,https://www.baloto.com/resultados-baloto/2094
REVANCHA,2094,16 de Junio de 2021,2,6,28,34,38,11,107,https://www.baloto.com/resultados-revancha/2094
BALOTO,2093,12 de Junio de 2021,9,15,25,27,33,13,107,https://www.baloto.com/resultados-baloto/2093
REVANCHA,2093,12 de Junio de 2021,18,19,25,26,43,9,107,https://www.baloto.com/resultados-revancha/2093
BALOTO,2092,9 de Junio de 2021,7,14,20,34,41,4,108,https://www.baloto.com/resultados-baloto/2092
REVANCHA,2092,9 de Junio de 2021,6,7,26,27,41,15,108,https://www.baloto.com/resultados-revancha/2092
BALOTO,2091,5 de Junio de 2021,1,4,5,16,30,7,108,https://www.baloto.com/resultados-baloto/2091
REVANCHA,2091,5 de Junio de 2021,1,9,10,13,27,8,108,https://www.baloto.com/resultados-revancha/2091
BALOTO,2090,2 de Junio de 2021,1,15,22,36,37,13,108,https://www.baloto.com/resultados-baloto/2090
REVANCHA,2090,2 de Junio de 2021,3,5,22,26,35,3,108,https://www.baloto.com/resultados-revancha/2090
BALOTO,2089,29 de Mayo de 2021,8,12,18,40,43,4,108,https://www.baloto.com/resultados-baloto/2089
REVANCHA,2089,29 de Mayo de 2021,1,8,18,29,40,2,108,https://www.baloto.com/resultados-revancha/2089
BALOTO,2088,26 de Mayo de 2021,3,9,12,34,35,13,108,https://www.baloto.com/resultados-baloto/2088
REVANCHA,2088,26 de Mayo de 2021,5,16,31,32,33,14,108,https://www.baloto.com/resultados-revancha/2088
BALOTO,2087,22 de Mayo de 2021,8,29,32,34,42,5,109,https://www.baloto.com/resultados-baloto/2087
REVANCHA,2087,22 de Mayo de 2021,2,9,13,35,39,12,109,https://www.baloto.com/resultados-revancha/2087
BALOTO,2086,19 de Mayo de 2021,9,12,16,21,30,1,109,https://www.baloto.com/resultados-baloto/2086
REVANCHA,2086,19 de Mayo de 2021,13,20,29,39,40,16,109,https://www.baloto.com/resultados-revancha/2086
BALOTO,2085,15 de Mayo de 2021,3,5,25,30,42,8,109,https://www.baloto.com/resultados-baloto/2085
REVANCHA,2085,15 de Mayo de 2021,17,26,31,35,38,10,109,https://www.baloto.com/resultados-revancha/2085
BALOTO,2084,12 de Mayo de 2021,4,23,28,29,31,16,109,https://www.baloto.com/resultados-baloto/2084
REVANCHA,2084,12 de Mayo de 2021,4,6,8,9,16,5,109,https://www.baloto.com/resultados-revancha/2084
BALOTO,2083,8 de Mayo de 2021,4,8,9,28,37,11,109,https://www.baloto.com/resultados-baloto/2083
REVANCHA,2083,8 de Mayo de 2021,5,10,24,29,41,11,109,https://www.baloto.com/resultados-revancha/2083
BALOTO,2082,5 de Mayo de 2021,2,5,10,23,34,7,110,https://www.baloto.com/resultados-baloto/2082
REVANCHA,2082,5 de Mayo de 2021,3,15,17,29,32,16,110,https://www.baloto.com/resultados-revancha/2082
BALOTO,2081,1 de Mayo de 2021,22,23,27,28,30,3,110,https://www.baloto.com/resultados-baloto/2081
REVANCHA,2081,1 de Mayo de 2021,1,16,34,41,43,2,110,https://www.baloto.com/resultados-revancha/2081
